word,lemma,is_loanword,donor_language,donor_family,source_word,semantic_domain,confidence
компьютер,компьютер,1,English,Indo-European/Germanic,computer,technology,0.97
маркетинг,маркетинг,1,English,Indo-European/Germanic,marketing,business,0.95
менеджер,менеджер,1,English,Indo-European/Germanic,manager,business,0.95
офис,офис,1,English,Indo-European/Germanic,office,business,0.93
файл,файл,1,English,Indo-European/Germanic,file,technology,0.94
интернет,интернет,1,English,Indo-European/Germanic,internet,technology,0.96
принтер,принтер,1,English,Indo-European/Germanic,printer,technology,0.96
сканер,сканер,1,English,Indo-European/Germanic,scanner,technology,0.95
хакер,хакер,1,English,Indo-European/Germanic,hacker,technology,0.96
блог,блог,1,English,Indo-European/Germanic,blog,media,0.95
твит,твит,1,English,Indo-European/Germanic,tweet,media,0.97
лайк,лайк,1,English,Indo-European/Germanic,like,social,0.96
стартап,стартап,1,English,Indo-European/Germanic,startup,business,0.97
дедлайн,дедлайн,1,English,Indo-European/Germanic,deadline,business,0.96
шопинг,шопинг,1,English,Indo-European/Germanic,shopping,commerce,0.95
контент,контент,1,English,Indo-European/Germanic,content,media,0.94
дизайн,дизайн,1,English,Indo-European/Germanic,design,art,0.93
имидж,имидж,1,English,Indo-European/Germanic,image,media,0.9
лидер,лидер,1,English,Indo-European/Germanic,leader,politics,0.88
рейтинг,рейтинг,1,English,Indo-European/Germanic,rating,media,0.93
бренд,бренд,1,English,Indo-European/Germanic,brand,commerce,0.95
сервис,сервис,1,English,Indo-European/Germanic,service,business,0.9
бизнес,бизнес,1,English,Indo-European/Germanic,business,business,0.93
тест,тест,1,English,Indo-European/Germanic,test,science,0.87
стресс,стресс,1,English,Indo-European/Germanic,stress,psychology,0.93
спонсор,спонсор,1,English,Indo-European/Germanic,sponsor,media,0.9
инвестор,инвестор,1,English,Indo-European/Germanic,investor,finance,0.92
брифинг,брифинг,1,English,Indo-European/Germanic,briefing,politics,0.95
коучинг,коучинг,1,English,Indo-European/Germanic,coaching,education,0.97
мониторинг,мониторинг,1,English,Indo-European/Germanic,monitoring,science,0.95
аутсорсинг,аутсорсинг,1,English,Indo-European/Germanic,outsourcing,business,0.97
трейдер,трейдер,1,English,Indo-European/Germanic,trader,finance,0.95
брокер,брокер,1,English,Indo-European/Germanic,broker,finance,0.9
дивиденд,дивиденд,1,English,Indo-European/Germanic,dividend,finance,0.88
спорт,спорт,1,English,Indo-European/Germanic,sport,sport,0.9
футбол,футбол,1,English,Indo-European/Germanic,football,sport,0.96
баскетбол,баскетбол,1,English,Indo-European/Germanic,basketball,sport,0.97
хоккей,хоккей,1,English,Indo-European/Germanic,hockey,sport,0.96
теннис,теннис,1,English,Indo-European/Germanic,tennis,sport,0.95
финиш,финиш,1,English,Indo-European/Germanic,finish,sport,0.9
матч,матч,1,English,Indo-European/Germanic,match,sport,0.93
клуб,клуб,1,English,Indo-European/Germanic,club,social,0.85
фото,фото,1,English,Indo-European/Germanic,photo,art,0.9
видео,видео,1,English,Indo-European/Germanic,video,media,0.9
аудио,аудио,1,English,Indo-European/Germanic,audio,media,0.88
трейлер,трейлер,1,English,Indo-European/Germanic,trailer,media,0.94
флешмоб,флешмоб,1,English,Indo-European/Germanic,flash mob,social,0.97
хайп,хайп,1,English,Indo-European/Germanic,hype,media,0.95
кэш,кэш,1,English,Indo-European/Germanic,cache,technology,0.93
тренд,тренд,1,English,Indo-European/Germanic,trend,media,0.9
чат,чат,1,English,Indo-European/Germanic,chat,technology,0.93
бот,бот,1,English,Indo-European/Germanic,bot,technology,0.93
мем,мем,1,English,Indo-European/Germanic,meme,social,0.93
стриминг,стриминг,1,English,Indo-European/Germanic,streaming,media,0.96
геймер,геймер,1,English,Indo-European/Germanic,gamer,technology,0.97
скриншот,скриншот,1,English,Indo-European/Germanic,screenshot,technology,0.97
фриланс,фриланс,1,English,Indo-European/Germanic,freelance,business,0.95
краудфандинг,краудфандинг,1,English,Indo-European/Germanic,crowdfunding,finance,0.97
стейк,стейк,1,English,Indo-European/Germanic,steak,food,0.95
бургер,бургер,1,English,Indo-European/Germanic,burger,food,0.95
смузи,смузи,1,English,Indo-European/Germanic,smoothie,food,0.96
ресторан,ресторан,1,French,Indo-European/Romance,restaurant,food,0.92
кафе,кафе,1,French,Indo-European/Romance,café,food,0.9
меню,меню,1,French,Indo-European/Romance,menu,food,0.92
десерт,десерт,1,French,Indo-European/Romance,dessert,food,0.9
соус,соус,1,French,Indo-European/Romance,sauce,food,0.9
суп,суп,1,French,Indo-European/Romance,soupe,food,0.85
буфет,буфет,1,French,Indo-European/Romance,buffet,food,0.88
пальто,пальто,1,French,Indo-European/Romance,paletot,clothing,0.9
костюм,костюм,1,French,Indo-European/Romance,costume,clothing,0.88
блуза,блуза,1,French,Indo-European/Romance,blouse,clothing,0.9
браслет,браслет,1,French,Indo-European/Romance,bracelet,clothing,0.92
пьеса,пьеса,1,French,Indo-European/Romance,pièce,art,0.88
балет,балет,1,French,Indo-European/Romance,ballet,art,0.9
режим,режим,1,French,Indo-European/Romance,régime,politics,0.85
шоссе,шоссе,1,French,Indo-European/Romance,chaussée,transport,0.92
пейзаж,пейзаж,1,French,Indo-European/Romance,paysage,art,0.93
натюрморт,натюрморт,1,French,Indo-European/Romance,nature morte,art,0.93
мода,мода,1,French,Indo-European/Romance,mode,fashion,0.85
макияж,макияж,1,French,Indo-European/Romance,maquillage,fashion,0.93
жанр,жанр,1,French,Indo-European/Romance,genre,art,0.88
монтаж,монтаж,1,French,Indo-European/Romance,montage,art,0.9
дебют,дебют,1,French,Indo-European/Romance,début,art,0.9
деталь,деталь,1,French,Indo-European/Romance,détail,general,0.8
карьера,карьера,1,French,Indo-European/Romance,carrière,business,0.85
бульон,бульон,1,French,Indo-European/Romance,bouillon,food,0.92
крем,крем,1,French,Indo-European/Romance,crème,food,0.88
пюре,пюре,1,French,Indo-European/Romance,purée,food,0.92
котлета,котлета,1,French,Indo-European/Romance,côtelette,food,0.88
омлет,омлет,1,French,Indo-European/Romance,omelette,food,0.92
бифштекс,бифштекс,1,English,Indo-European/Germanic,beefsteak,food,0.9
шампанское,шампанское,1,French,Indo-European/Romance,champagne,food,0.9
бутерброд,бутерброд,1,German,Indo-European/Germanic,Butterbrot,food,0.93
шницель,шницель,1,German,Indo-European/Germanic,Schnitzel,food,0.95
картофель,картофель,1,German,Indo-European/Germanic,Kartoffel,food,0.9
галстук,галстук,1,German,Indo-European/Germanic,Halstuch,clothing,0.88
лагерь,лагерь,1,German,Indo-European/Germanic,Lager,military,0.82
штаб,штаб,1,German,Indo-European/Germanic,Stab,military,0.9
офицер,офицер,1,German,Indo-European/Germanic,Offizier,military,0.88
солдат,солдат,1,German,Indo-European/Germanic,Soldat,military,0.88
лейтенант,лейтенант,1,German,Indo-European/Germanic,Leutnant,military,0.9
генерал,генерал,1,German,Indo-European/Germanic,General,military,0.85
слесарь,слесарь,1,German,Indo-European/Germanic,Schlosser,labor,0.85
маляр,маляр,1,German,Indo-European/Germanic,Maler,labor,0.83
шрифт,шрифт,1,German,Indo-European/Germanic,Schrift,typography,0.9
штурм,штурм,1,German,Indo-European/Germanic,Sturm,military,0.9
фронт,фронт,1,German,Indo-European/Germanic,Front,military,0.85
курорт,курорт,1,German,Indo-European/Germanic,Kurort,tourism,0.88
бухгалтер,бухгалтер,1,German,Indo-European/Germanic,Buchhalter,finance,0.9
цех,цех,1,German,Indo-European/Germanic,Zeche,industry,0.83
рейс,рейс,1,German,Indo-European/Germanic,Reise,transport,0.85
шлагбаум,шлагбаум,1,German,Indo-European/Germanic,Schlagbaum,transport,0.93
философия,философия,1,Greek/Latin,Indo-European/Classical,philosophia,science,0.92
математика,математика,1,Greek/Latin,Indo-European/Classical,mathematica,science,0.93
физика,физика,1,Greek/Latin,Indo-European/Classical,physica,science,0.92
химия,химия,1,Greek/Latin,Indo-European/Classical,chemia,science,0.9
биология,биология,1,Greek/Latin,Indo-European/Classical,biologia,science,0.93
история,история,1,Greek/Latin,Indo-European/Classical,historia,science,0.85
география,география,1,Greek/Latin,Indo-European/Classical,geographia,science,0.92
медицина,медицина,1,Greek/Latin,Indo-European/Classical,medicina,medicine,0.92
хирургия,хирургия,1,Greek/Latin,Indo-European/Classical,chirurgia,medicine,0.93
диагноз,диагноз,1,Greek/Latin,Indo-European/Classical,diagnosis,medicine,0.93
симптом,симптом,1,Greek/Latin,Indo-European/Classical,symptoma,medicine,0.92
пациент,пациент,1,Greek/Latin,Indo-European/Classical,patiens,medicine,0.9
клиника,клиника,1,Greek/Latin,Indo-European/Classical,clinica,medicine,0.92
аптека,аптека,1,Greek/Latin,Indo-European/Classical,apotheca,medicine,0.88
театр,театр,1,Greek/Latin,Indo-European/Classical,theatrum,art,0.9
опера,опера,1,Italian,Indo-European/Romance,opera,art,0.88
музыка,музыка,1,Greek/Latin,Indo-European/Classical,musica,art,0.9
атлет,атлет,1,Greek/Latin,Indo-European/Classical,athleta,sport,0.9
стадион,стадион,1,Greek/Latin,Indo-European/Classical,stadion,sport,0.9
академия,академия,1,Greek/Latin,Indo-European/Classical,academia,education,0.9
библиотека,библиотека,1,Greek/Latin,Indo-European/Classical,bibliotheca,education,0.93
архив,архив,1,Greek/Latin,Indo-European/Classical,archivum,administration,0.88
текст,текст,1,Greek/Latin,Indo-European/Classical,textus,general,0.85
форма,форма,1,Greek/Latin,Indo-European/Classical,forma,general,0.8
система,система,1,Greek/Latin,Indo-European/Classical,systema,science,0.88
теория,теория,1,Greek/Latin,Indo-European/Classical,theoria,science,0.9
практика,практика,1,Greek/Latin,Indo-European/Classical,practica,general,0.88
метод,метод,1,Greek/Latin,Indo-European/Classical,methodus,science,0.88
анализ,анализ,1,Greek/Latin,Indo-European/Classical,analysis,science,0.9
синтез,синтез,1,Greek/Latin,Indo-European/Classical,synthesis,science,0.9
категория,категория,1,Greek/Latin,Indo-European/Classical,categoria,science,0.9
период,период,1,Greek/Latin,Indo-European/Classical,periodus,general,0.88
элемент,элемент,1,Greek/Latin,Indo-European/Classical,elementum,science,0.88
атом,атом,1,Greek/Latin,Indo-European/Classical,atomus,science,0.93
молекула,молекула,1,Greek/Latin,Indo-European/Classical,molecula,science,0.93
климат,климат,1,Greek/Latin,Indo-European/Classical,clima,science,0.88
атмосфера,атмосфера,1,Greek/Latin,Indo-European/Classical,atmosphaera,science,0.9
экология,экология,1,Greek/Latin,Indo-European/Classical,oecologia,science,0.92
экономика,экономика,1,Greek/Latin,Indo-European/Classical,oeconomia,economics,0.9
политика,политика,1,Greek/Latin,Indo-European/Classical,politica,politics,0.88
демократия,демократия,1,Greek/Latin,Indo-European/Classical,democratia,politics,0.93
республика,республика,1,Greek/Latin,Indo-European/Classical,respublica,politics,0.9
парламент,парламент,1,Greek/Latin,Indo-European/Classical,parliamentum,politics,0.9
конституция,конституция,1,Greek/Latin,Indo-European/Classical,constitutio,politics,0.92
нация,нация,1,Greek/Latin,Indo-European/Classical,natio,politics,0.88
религия,религия,1,Greek/Latin,Indo-European/Classical,religio,religion,0.88
монастырь,монастырь,1,Greek/Latin,Indo-European/Classical,monasterium,religion,0.85
библия,библия,1,Greek/Latin,Indo-European/Classical,biblia,religion,0.92
икона,икона,1,Greek/Latin,Indo-European/Classical,eikon,religion,0.88
алгебра,алгебра,1,Arabic/Persian,Afro-Asiatic/Iranian,al-jabr,science,0.9
алгоритм,алгоритм,1,Arabic/Persian,Afro-Asiatic/Iranian,al-Khwarizmi,science,0.9
алкоголь,алкоголь,1,Arabic/Persian,Afro-Asiatic/Iranian,al-kohl,chemistry,0.9
сахар,сахар,1,Arabic/Persian,Afro-Asiatic/Iranian,sukkar,food,0.75
лимон,лимон,1,Arabic/Persian,Afro-Asiatic/Iranian,laymun,food,0.82
шафран,шафран,1,Arabic/Persian,Afro-Asiatic/Iranian,za'faran,food,0.85
хлопок,хлопок,1,Arabic/Persian,Afro-Asiatic/Iranian,qutn,textile,0.78
халат,халат,1,Arabic/Persian,Afro-Asiatic/Iranian,khilat,clothing,0.88
кофе,кофе,1,Arabic/Persian,Afro-Asiatic/Iranian,qahwa,food,0.88
арсенал,арсенал,1,Arabic/Persian,Afro-Asiatic/Iranian,dar as-sinaa,military,0.82
магазин,магазин,1,Arabic/Persian,Afro-Asiatic/Iranian,makhazin,commerce,0.8
диван,диван,1,Arabic/Persian,Afro-Asiatic/Iranian,divan,furniture,0.82
нашатырь,нашатырь,1,Arabic/Persian,Afro-Asiatic/Iranian,nushadir,chemistry,0.83
матрас,матрас,1,Arabic/Persian,Afro-Asiatic/Iranian,matrah,furniture,0.8
цифра,цифра,1,Arabic/Persian,Afro-Asiatic/Iranian,sifr,science,0.8
базар,базар,1,Turkic,Turkic,bazar,commerce,0.85
башмак,башмак,1,Turkic,Turkic,basmak,clothing,0.85
балаган,балаган,1,Turkic,Turkic,balagan,art,0.83
барабан,барабан,1,Turkic,Turkic,davul,music,0.82
каблук,каблук,1,Turkic,Turkic,kabluk,clothing,0.85
казак,казак,1,Turkic,Turkic,qazaq,history,0.85
атаман,атаман,1,Turkic,Turkic,ataman,history,0.85
кумыс,кумыс,1,Turkic,Turkic,qymyz,food,0.88
аркан,аркан,1,Turkic,Turkic,arkan,tool,0.83
орда,орда,1,Turkic,Turkic,orda,history,0.85
табун,табун,1,Turkic,Turkic,tabun,animal,0.85
ямщик,ямщик,1,Turkic,Turkic,yam,transport,0.78
чулок,чулок,1,Turkic,Turkic,chuloq,clothing,0.78
тавро,тавро,1,Turkic,Turkic,tavro,agriculture,0.75
сарай,сарай,1,Turkic,Turkic,saray,architecture,0.82
туман,туман,1,Turkic,Turkic,tuman,nature,0.72
бисер,бисер,1,Arabic/Persian,Afro-Asiatic/Iranian,busr,craft,0.75
банк,банк,1,Italian,Indo-European/Romance,banca,finance,0.88
капитал,капитал,1,Italian,Indo-European/Romance,capitale,finance,0.85
газета,газета,1,Italian,Indo-European/Romance,gazzetta,media,0.88
пианино,пианино,1,Italian,Indo-European/Romance,pianoforte,music,0.93
виолончель,виолончель,1,Italian,Indo-European/Romance,violoncello,music,0.93
оркестр,оркестр,1,Italian,Indo-European/Romance,orchestra,music,0.9
ария,ария,1,Italian,Indo-European/Romance,aria,music,0.92
сопрано,сопрано,1,Italian,Indo-European/Romance,soprano,music,0.93
тенор,тенор,1,Italian,Indo-European/Romance,tenore,music,0.9
барокко,барокко,1,Italian,Indo-European/Romance,barocco,art,0.9
карнавал,карнавал,1,Italian,Indo-European/Romance,carnevale,culture,0.88
батальон,батальон,1,Italian,Indo-European/Romance,battaglione,military,0.88
армия,армия,1,Italian,Indo-European/Romance,armata,military,0.83
вилла,вилла,1,Italian,Indo-European/Romance,villa,architecture,0.9
яхта,яхта,1,Dutch,Indo-European/Germanic,jacht,transport,0.9
матрос,матрос,1,Dutch,Indo-European/Germanic,matroos,transport,0.88
флаг,флаг,1,Dutch,Indo-European/Germanic,vlag,transport,0.85
компас,компас,1,Dutch,Indo-European/Germanic,kompas,navigation,0.85
верфь,верфь,1,Dutch,Indo-European/Germanic,werf,transport,0.83
боцман,боцман,1,Dutch,Indo-European/Germanic,bootsman,transport,0.9
гавань,гавань,1,Dutch,Indo-European/Germanic,haven,transport,0.8
шкипер,шкипер,1,Dutch,Indo-European/Germanic,schipper,transport,0.88
окно,окно,0,Slavic,Indo-European/Slavic,,household,0.05
стол,стол,0,Slavic,Indo-European/Slavic,,furniture,0.04
стул,стул,0,Slavic,Indo-European/Slavic,,furniture,0.04
дом,дом,0,Slavic,Indo-European/Slavic,,architecture,0.03
вода,вода,0,Slavic,Indo-European/Slavic,,nature,0.03
огонь,огонь,0,Slavic,Indo-European/Slavic,,nature,0.03
земля,земля,0,Slavic,Indo-European/Slavic,,nature,0.04
небо,небо,0,Slavic,Indo-European/Slavic,,nature,0.03
лес,лес,0,Slavic,Indo-European/Slavic,,nature,0.03
поле,поле,0,Slavic,Indo-European/Slavic,,nature,0.03
река,река,0,Slavic,Indo-European/Slavic,,nature,0.03
гора,гора,0,Slavic,Indo-European/Slavic,,nature,0.03
камень,камень,0,Slavic,Indo-European/Slavic,,nature,0.04
дерево,дерево,0,Slavic,Indo-European/Slavic,,nature,0.03
птица,птица,0,Slavic,Indo-European/Slavic,,animal,0.03
рыба,рыба,0,Slavic,Indo-European/Slavic,,animal,0.03
конь,конь,0,Slavic,Indo-European/Slavic,,animal,0.03
корова,корова,0,Slavic,Indo-European/Slavic,,animal,0.04
собака,собака,0,Slavic,Indo-European/Slavic,,animal,0.04
кот,кот,0,Slavic,Indo-European/Slavic,,animal,0.03
медведь,медведь,0,Slavic,Indo-European/Slavic,,animal,0.03
волк,волк,0,Slavic,Indo-European/Slavic,,animal,0.03
лиса,лиса,0,Slavic,Indo-European/Slavic,,animal,0.03
заяц,заяц,0,Slavic,Indo-European/Slavic,,animal,0.04
мышь,мышь,0,Slavic,Indo-European/Slavic,,animal,0.03
день,день,0,Slavic,Indo-European/Slavic,,time,0.03
ночь,ночь,0,Slavic,Indo-European/Slavic,,time,0.03
утро,утро,0,Slavic,Indo-European/Slavic,,time,0.03
вечер,вечер,0,Slavic,Indo-European/Slavic,,time,0.04
весна,весна,0,Slavic,Indo-European/Slavic,,time,0.03
лето,лето,0,Slavic,Indo-European/Slavic,,time,0.03
осень,осень,0,Slavic,Indo-European/Slavic,,time,0.03
зима,зима,0,Slavic,Indo-European/Slavic,,time,0.03
снег,снег,0,Slavic,Indo-European/Slavic,,nature,0.04
дождь,дождь,0,Slavic,Indo-European/Slavic,,nature,0.03
ветер,ветер,0,Slavic,Indo-European/Slavic,,nature,0.04
солнце,солнце,0,Slavic,Indo-European/Slavic,,nature,0.03
луна,луна,0,Slavic,Indo-European/Slavic,,nature,0.03
звезда,звезда,0,Slavic,Indo-European/Slavic,,nature,0.03
хлеб,хлеб,0,Slavic,Indo-European/Slavic,,food,0.1
молоко,молоко,0,Slavic,Indo-European/Slavic,,food,0.04
мясо,мясо,0,Slavic,Indo-European/Slavic,,food,0.03
яйцо,яйцо,0,Slavic,Indo-European/Slavic,,food,0.03
соль,соль,0,Slavic,Indo-European/Slavic,,food,0.04
мать,мать,0,Slavic,Indo-European/Slavic,,family,0.03
отец,отец,0,Slavic,Indo-European/Slavic,,family,0.03
сын,сын,0,Slavic,Indo-European/Slavic,,family,0.03
дочь,дочь,0,Slavic,Indo-European/Slavic,,family,0.03
брат,брат,0,Slavic,Indo-European/Slavic,,family,0.03
сестра,сестра,0,Slavic,Indo-European/Slavic,,family,0.03
муж,муж,0,Slavic,Indo-European/Slavic,,family,0.03
жена,жена,0,Slavic,Indo-European/Slavic,,family,0.03
ребёнок,ребёнок,0,Slavic,Indo-European/Slavic,,family,0.04
друг,друг,0,Slavic,Indo-European/Slavic,,social,0.03
враг,враг,0,Slavic,Indo-European/Slavic,,social,0.04
голова,голова,0,Slavic,Indo-European/Slavic,,body,0.03
рука,рука,0,Slavic,Indo-European/Slavic,,body,0.03
нога,нога,0,Slavic,Indo-European/Slavic,,body,0.03
сердце,сердце,0,Slavic,Indo-European/Slavic,,body,0.03
душа,душа,0,Slavic,Indo-European/Slavic,,abstract,0.04
ум,ум,0,Slavic,Indo-European/Slavic,,abstract,0.03
жизнь,жизнь,0,Slavic,Indo-European/Slavic,,abstract,0.03
смерть,смерть,0,Slavic,Indo-European/Slavic,,abstract,0.03
любовь,любовь,0,Slavic,Indo-European/Slavic,,abstract,0.03
война,война,0,Slavic,Indo-European/Slavic,,abstract,0.04
мир,мир,0,Slavic,Indo-European/Slavic,,abstract,0.04
путь,путь,0,Slavic,Indo-European/Slavic,,abstract,0.03
время,время,0,Slavic,Indo-European/Slavic,,abstract,0.03
место,место,0,Slavic,Indo-European/Slavic,,abstract,0.03
слово,слово,0,Slavic,Indo-European/Slavic,,abstract,0.03
дело,дело,0,Slavic,Indo-European/Slavic,,abstract,0.03
сила,сила,0,Slavic,Indo-European/Slavic,,abstract,0.03
власть,власть,0,Slavic,Indo-European/Slavic,,politics,0.04
право,право,0,Slavic,Indo-European/Slavic,,law,0.03
народ,народ,0,Slavic,Indo-European/Slavic,,politics,0.03
город,город,0,Slavic,Indo-European/Slavic,,architecture,0.03
деревня,деревня,0,Slavic,Indo-European/Slavic,,architecture,0.03
дорога,дорога,0,Slavic,Indo-European/Slavic,,transport,0.03
мост,мост,0,Slavic,Indo-European/Slavic,,architecture,0.04
берег,берег,0,Slavic,Indo-European/Slavic,,nature,0.03
белый,белый,0,Slavic,Indo-European/Slavic,,abstract,0.03
чёрный,чёрный,0,Slavic,Indo-European/Slavic,,abstract,0.03
красный,красный,0,Slavic,Indo-European/Slavic,,abstract,0.03
синий,синий,0,Slavic,Indo-European/Slavic,,abstract,0.03
зелёный,зелёный,0,Slavic,Indo-European/Slavic,,abstract,0.03
большой,большой,0,Slavic,Indo-European/Slavic,,abstract,0.03
малый,малый,0,Slavic,Indo-European/Slavic,,abstract,0.03
старый,старый,0,Slavic,Indo-European/Slavic,,abstract,0.03
новый,новый,0,Slavic,Indo-European/Slavic,,abstract,0.03
добрый,добрый,0,Slavic,Indo-European/Slavic,,abstract,0.03
злой,злой,0,Slavic,Indo-European/Slavic,,abstract,0.03
хороший,хороший,0,Slavic,Indo-European/Slavic,,abstract,0.04
плохой,плохой,0,Slavic,Indo-European/Slavic,,abstract,0.03
умный,умный,0,Slavic,Indo-European/Slavic,,abstract,0.03
высокий,высокий,0,Slavic,Indo-European/Slavic,,abstract,0.03
низкий,низкий,0,Slavic,Indo-European/Slavic,,abstract,0.03
быстрый,быстрый,0,Slavic,Indo-European/Slavic,,abstract,0.03
медленный,медленный,0,Slavic,Indo-European/Slavic,,abstract,0.03
идти,идти,0,Slavic,Indo-European/Slavic,,action,0.03
бежать,бежать,0,Slavic,Indo-European/Slavic,,action,0.03
говорить,говорить,0,Slavic,Indo-European/Slavic,,action,0.03
думать,думать,0,Slavic,Indo-European/Slavic,,action,0.03
видеть,видеть,0,Slavic,Indo-European/Slavic,,action,0.03
слышать,слышать,0,Slavic,Indo-European/Slavic,,action,0.03
знать,знать,0,Slavic,Indo-European/Slavic,,action,0.03
любить,любить,0,Slavic,Indo-European/Slavic,,action,0.03
жить,жить,0,Slavic,Indo-European/Slavic,,action,0.03
работать,работать,0,Slavic,Indo-European/Slavic,,action,0.04
делать,делать,0,Slavic,Indo-European/Slavic,,action,0.03
брать,брать,0,Slavic,Indo-European/Slavic,,action,0.03
давать,давать,0,Slavic,Indo-European/Slavic,,action,0.03
кричать,кричать,0,Slavic,Indo-European/Slavic,,action,0.03
плакать,плакать,0,Slavic,Indo-European/Slavic,,action,0.03
смеяться,смеяться,0,Slavic,Indo-European/Slavic,,action,0.04
читать,читать,0,Slavic,Indo-European/Slavic,,action,0.03
писать,писать,0,Slavic,Indo-European/Slavic,,action,0.03
строить,строить,0,Slavic,Indo-European/Slavic,,action,0.03
учить,учить,0,Slavic,Indo-European/Slavic,,action,0.03
платить,платить,0,Slavic,Indo-European/Slavic,,action,0.04
купить,купить,0,Slavic,Indo-European/Slavic,,action,0.03
продать,продать,0,Slavic,Indo-European/Slavic,,action,0.03
берёза,берёза,0,Slavic,Indo-European/Slavic,,nature,0.03
дуб,дуб,0,Slavic,Indo-European/Slavic,,nature,0.03
сосна,сосна,0,Slavic,Indo-European/Slavic,,nature,0.03
трава,трава,0,Slavic,Indo-European/Slavic,,nature,0.03
цветок,цветок,0,Slavic,Indo-European/Slavic,,nature,0.03
гриб,гриб,0,Slavic,Indo-European/Slavic,,nature,0.03
облако,облако,0,Slavic,Indo-European/Slavic,,nature,0.03
море,море,0,Slavic,Indo-European/Slavic,,nature,0.03
озеро,озеро,0,Slavic,Indo-European/Slavic,,nature,0.03
остров,остров,0,Slavic,Indo-European/Slavic,,nature,0.04
песок,песок,0,Slavic,Indo-European/Slavic,,nature,0.03
глина,глина,0,Slavic,Indo-European/Slavic,,nature,0.03
роутер,роутер,1,English,Indo-European/Germanic,router,technology,0.94
хостинг,хостинг,1,English,Indo-European/Germanic,hosting,technology,0.95
домен,домен,1,English,Indo-European/Germanic,domain,technology,0.92
баг,баг,1,English,Indo-European/Germanic,bug,technology,0.93
апдейт,апдейт,1,English,Indo-European/Germanic,update,technology,0.95
логин,логин,1,English,Indo-European/Germanic,login,technology,0.93
клик,клик,1,English,Indo-European/Germanic,click,technology,0.94
браузер,браузер,1,English,Indo-European/Germanic,browser,technology,0.96
сервер,сервер,1,English,Indo-European/Germanic,server,technology,0.93
спам,спам,1,English,Indo-European/Germanic,spam,technology,0.95
бэкап,бэкап,1,English,Indo-European/Germanic,backup,technology,0.96
фаервол,фаервол,1,English,Indo-European/Germanic,firewall,technology,0.97
трекер,трекер,1,English,Indo-European/Germanic,tracker,technology,0.95
интерфейс,интерфейс,1,English,Indo-European/Germanic,interface,technology,0.93
апгрейд,апгрейд,1,English,Indo-European/Germanic,upgrade,technology,0.95
подкаст,подкаст,1,English,Indo-European/Germanic,podcast,media,0.95
плейлист,плейлист,1,English,Indo-European/Germanic,playlist,media,0.96
стример,стример,1,English,Indo-European/Germanic,streamer,media,0.96
блогер,блогер,1,English,Indo-European/Germanic,blogger,media,0.95
влог,влог,1,English,Indo-European/Germanic,vlog,media,0.96
хэштег,хэштег,1,English,Indo-European/Germanic,hashtag,social,0.97
фолловер,фолловер,1,English,Indo-European/Germanic,follower,social,0.97
репост,репост,1,English,Indo-European/Germanic,repost,social,0.95
инфлюенсер,инфлюенсер,1,English,Indo-European/Germanic,influencer,social,0.97
питч,питч,1,English,Indo-European/Germanic,pitch,business,0.92
нетворкинг,нетворкинг,1,English,Indo-European/Germanic,networking,business,0.97
таргетинг,таргетинг,1,English,Indo-European/Germanic,targeting,business,0.97
фидбэк,фидбэк,1,English,Indo-European/Germanic,feedback,business,0.96
коворкинг,коворкинг,1,English,Indo-European/Germanic,coworking,business,0.97
скрининг,скрининг,1,English,Indo-European/Germanic,screening,business,0.96
тимбилдинг,тимбилдинг,1,English,Indo-European/Germanic,team building,business,0.97
воркшоп,воркшоп,1,English,Indo-European/Germanic,workshop,education,0.95
вебинар,вебинар,1,English,Indo-European/Germanic,webinar,education,0.95
рекрутинг,рекрутинг,1,English,Indo-European/Germanic,recruiting,business,0.96
скейтборд,скейтборд,1,English,Indo-European/Germanic,skateboard,sport,0.97
сноуборд,сноуборд,1,English,Indo-European/Germanic,snowboard,sport,0.97
серфинг,серфинг,1,English,Indo-European/Germanic,surfing,sport,0.96
дайвинг,дайвинг,1,English,Indo-European/Germanic,diving,sport,0.96
джоггинг,джоггинг,1,English,Indo-European/Germanic,jogging,sport,0.97
воркаут,воркаут,1,English,Indo-European/Germanic,workout,sport,0.95
фитнес,фитнес,1,English,Indo-European/Germanic,fitness,sport,0.93
бокс,бокс,1,English,Indo-European/Germanic,boxing,sport,0.88
кемпинг,кемпинг,1,English,Indo-European/Germanic,camping,tourism,0.96
байкер,байкер,1,English,Indo-European/Germanic,biker,sport,0.95
стейкхолдер,стейкхолдер,1,English,Indo-European/Germanic,stakeholder,business,0.97
краш,краш,1,English,Indo-European/Germanic,crush,social,0.9
бустер,бустер,1,English,Indo-European/Germanic,booster,medicine,0.93
лонгрид,лонгрид,1,English,Indo-European/Germanic,longread,media,0.96
флекс,флекс,1,English,Indo-European/Germanic,flex,social,0.92
скролл,скролл,1,English,Indo-European/Germanic,scroll,technology,0.93
чекин,чекин,1,English,Indo-European/Germanic,check-in,tourism,0.95
байпасс,байпасс,1,English,Indo-European/Germanic,bypass,medicine,0.93
пейдж,пейдж,1,English,Indo-European/Germanic,page,technology,0.9
эклер,эклер,1,French,Indo-European/Romance,éclair,food,0.9
антрепренёр,антрепренёр,1,French,Indo-European/Romance,entrepreneur,business,0.85
шедевр,шедевр,1,French,Indo-European/Romance,chef-d'oeuvre,art,0.9
афиша,афиша,1,French,Indo-European/Romance,affiche,art,0.85
гардероб,гардероб,1,French,Indo-European/Romance,garde-robe,clothing,0.88
ансамбль,ансамбль,1,French,Indo-European/Romance,ensemble,music,0.88
бижутерия,бижутерия,1,French,Indo-European/Romance,bijouterie,fashion,0.9
аксессуар,аксессуар,1,French,Indo-European/Romance,accessoire,fashion,0.9
шампиньон,шампиньон,1,French,Indo-European/Romance,champignon,food,0.88
бульвар,бульвар,1,French,Indo-European/Romance,boulevard,architecture,0.88
авеню,авеню,1,French,Indo-European/Romance,avenue,architecture,0.88
карамель,карамель,1,French,Indo-European/Romance,caramel,food,0.88
пикник,пикник,1,French,Indo-European/Romance,pique-nique,social,0.85
силуэт,силуэт,1,French,Indo-European/Romance,silhouette,art,0.9
купюра,купюра,1,French,Indo-European/Romance,coupure,finance,0.82
этаж,этаж,1,French,Indo-European/Romance,étage,architecture,0.9
персонаж,персонаж,1,French,Indo-European/Romance,personnage,art,0.88
сюрприз,сюрприз,1,French,Indo-European/Romance,surprise,general,0.88
трюк,трюк,1,French,Indo-European/Romance,truc,art,0.83
пируэт,пируэт,1,French,Indo-European/Romance,pirouette,art,0.92
антракт,антракт,1,French,Indo-European/Romance,entr'acte,art,0.9
фойе,фойе,1,French,Indo-European/Romance,foyer,architecture,0.9
партер,партер,1,French,Indo-European/Romance,parterre,art,0.88
дубляж,дубляж,1,French,Indo-European/Romance,doublage,art,0.9
гримёр,гримёр,1,French,Indo-European/Romance,grimeur,art,0.88
суфлёр,суфлёр,1,French,Indo-European/Romance,souffleur,art,0.9
цейтнот,цейтнот,1,German,Indo-European/Germanic,Zeitnot,game,0.9
вундеркинд,вундеркинд,1,German,Indo-European/Germanic,Wunderkind,general,0.92
рейхстаг,рейхстаг,1,German,Indo-European/Germanic,Reichstag,politics,0.92
мундир,мундир,1,German,Indo-European/Germanic,Mundierung,military,0.83
дрель,дрель,1,German,Indo-European/Germanic,Drille,tool,0.83
шуруп,шуруп,1,German,Indo-European/Germanic,Schraube,tool,0.83
кронштейн,кронштейн,1,German,Indo-European/Germanic,Kragstein,architecture,0.88
абзац,абзац,1,German,Indo-European/Germanic,Absatz,typography,0.85
шланг,шланг,1,German,Indo-European/Germanic,Schlauch,tool,0.85
лейтмотив,лейтмотив,1,German,Indo-European/Germanic,Leitmotiv,music,0.92
вахта,вахта,1,German,Indo-European/Germanic,Wacht,naval,0.82
форзац,форзац,1,German,Indo-European/Germanic,Vorsatz,typography,0.88
астрология,астрология,1,Greek/Latin,Indo-European/Classical,astrologia,science,0.92
биография,биография,1,Greek/Latin,Indo-European/Classical,biographia,literature,0.92
антология,антология,1,Greek/Latin,Indo-European/Classical,anthologia,literature,0.92
энциклопедия,энциклопедия,1,Greek/Latin,Indo-European/Classical,encyclopaedia,education,0.92
синоним,синоним,1,Greek/Latin,Indo-European/Classical,synonymum,linguistics,0.92
антоним,антоним,1,Greek/Latin,Indo-European/Classical,antonymum,linguistics,0.93
параграф,параграф,1,Greek/Latin,Indo-European/Classical,paragraphus,typography,0.88
диалог,диалог,1,Greek/Latin,Indo-European/Classical,dialogus,linguistics,0.9
монолог,монолог,1,Greek/Latin,Indo-European/Classical,monologus,art,0.9
каталог,каталог,1,Greek/Latin,Indo-European/Classical,catalogus,general,0.88
фонетика,фонетика,1,Greek/Latin,Indo-European/Classical,phonetica,linguistics,0.92
семантика,семантика,1,Greek/Latin,Indo-European/Classical,semantica,linguistics,0.93
грамматика,грамматика,1,Greek/Latin,Indo-European/Classical,grammatica,linguistics,0.92
стилистика,стилистика,1,Greek/Latin,Indo-European/Classical,stylistica,linguistics,0.92
риторика,риторика,1,Greek/Latin,Indo-European/Classical,rhetorica,linguistics,0.9
психология,психология,1,Greek/Latin,Indo-European/Classical,psychologia,science,0.92
социология,социология,1,Greek/Latin,Indo-European/Classical,sociologia,science,0.92
антропология,антропология,1,Greek/Latin,Indo-European/Classical,anthropologia,science,0.93
зоология,зоология,1,Greek/Latin,Indo-European/Classical,zoologia,science,0.92
ботаника,ботаника,1,Greek/Latin,Indo-European/Classical,botanica,science,0.9
генетика,генетика,1,Greek/Latin,Indo-European/Classical,genetica,science,0.93
фармакология,фармакология,1,Greek/Latin,Indo-European/Classical,pharmacologia,medicine,0.93
кардиология,кардиология,1,Greek/Latin,Indo-European/Classical,cardiologia,medicine,0.93
неврология,неврология,1,Greek/Latin,Indo-European/Classical,neurologia,medicine,0.93
дипломатия,дипломатия,1,Greek/Latin,Indo-European/Classical,diplomatia,politics,0.9
конференция,конференция,1,Greek/Latin,Indo-European/Classical,conferentia,politics,0.9
коммуникация,коммуникация,1,Greek/Latin,Indo-European/Classical,communicatio,general,0.9
документация,документация,1,Greek/Latin,Indo-European/Classical,documentatio,administration,0.88
презентация,презентация,1,Greek/Latin,Indo-European/Classical,praesentatio,business,0.9
инновация,инновация,1,Greek/Latin,Indo-European/Classical,innovatio,business,0.9
организация,организация,1,Greek/Latin,Indo-European/Classical,organisatio,general,0.85
информация,информация,1,Greek/Latin,Indo-European/Classical,informatio,general,0.85
трансформация,трансформация,1,Greek/Latin,Indo-European/Classical,transformatio,general,0.88
традиция,традиция,1,Greek/Latin,Indo-European/Classical,traditio,general,0.85
функция,функция,1,Greek/Latin,Indo-European/Classical,functio,science,0.88
лекция,лекция,1,Greek/Latin,Indo-European/Classical,lectio,education,0.88
коллекция,коллекция,1,Greek/Latin,Indo-European/Classical,collectio,general,0.88
позиция,позиция,1,Greek/Latin,Indo-European/Classical,positio,general,0.85
революция,революция,1,Greek/Latin,Indo-European/Classical,revolutio,politics,0.88
эволюция,эволюция,1,Greek/Latin,Indo-European/Classical,evolutio,science,0.9
иллюзия,иллюзия,1,Greek/Latin,Indo-European/Classical,illusio,general,0.88
дискуссия,дискуссия,1,Greek/Latin,Indo-European/Classical,discussio,general,0.88
миссия,миссия,1,Greek/Latin,Indo-European/Classical,missio,general,0.88
пенсия,пенсия,1,Greek/Latin,Indo-European/Classical,pensio,finance,0.85
сессия,сессия,1,Greek/Latin,Indo-European/Classical,sessio,education,0.88
профессия,профессия,1,Greek/Latin,Indo-European/Classical,professio,general,0.85
экспедиция,экспедиция,1,Greek/Latin,Indo-European/Classical,expeditio,science,0.88
реакция,реакция,1,Greek/Latin,Indo-European/Classical,reactio,science,0.88
операция,операция,1,Greek/Latin,Indo-European/Classical,operatio,general,0.88
инструкция,инструкция,1,Greek/Latin,Indo-European/Classical,instructio,general,0.88
протокол,протокол,1,Greek/Latin,Indo-European/Classical,protocollum,administration,0.83
редакция,редакция,1,Greek/Latin,Indo-European/Classical,redactio,media,0.88
деньги,деньги,1,Turkic,Turkic,tenge,finance,0.72
кирпич,кирпич,1,Turkic,Turkic,kerpic,construction,0.75
чалма,чалма,1,Turkic,Turkic,calma,clothing,0.82
арбуз,арбуз,1,Turkic,Turkic,karpuz,food,0.8
изюм,изюм,1,Turkic,Turkic,uzum,food,0.8
башлык,башлык,1,Turkic,Turkic,bashlyk,clothing,0.83
нагайка,нагайка,1,Turkic,Turkic,naghaika,history,0.8
чубук,чубук,1,Turkic,Turkic,chubuk,tool,0.78
бурдюк,бурдюк,1,Turkic,Turkic,burduk,tool,0.78
тулуп,тулуп,1,Turkic,Turkic,tulup,clothing,0.78
каракуль,каракуль,1,Turkic,Turkic,qorakul,clothing,0.8
шах,шах,1,Arabic/Persian,Afro-Asiatic/Iranian,shah,politics,0.85
визирь,визирь,1,Arabic/Persian,Afro-Asiatic/Iranian,wazir,politics,0.88
эмир,эмир,1,Arabic/Persian,Afro-Asiatic/Iranian,amir,politics,0.9
зенит,зенит,1,Arabic/Persian,Afro-Asiatic/Iranian,samt,science,0.82
надир,надир,1,Arabic/Persian,Afro-Asiatic/Iranian,nadir,science,0.85
азимут,азимут,1,Arabic/Persian,Afro-Asiatic/Iranian,al-sumut,science,0.85
алхимия,алхимия,1,Arabic/Persian,Afro-Asiatic/Iranian,al-kimiya,science,0.88
эликсир,эликсир,1,Arabic/Persian,Afro-Asiatic/Iranian,al-iksir,science,0.88
тариф,тариф,1,Arabic/Persian,Afro-Asiatic/Iranian,tarif,finance,0.85
хашиш,хашиш,1,Arabic/Persian,Afro-Asiatic/Iranian,hashish,substance,0.88
пицца,пицца,1,Italian,Indo-European/Romance,pizza,food,0.95
паста,паста,1,Italian,Indo-European/Romance,pasta,food,0.9
ризотто,ризотто,1,Italian,Indo-European/Romance,risotto,food,0.95
тирамису,тирамису,1,Italian,Indo-European/Romance,tiramisù,food,0.97
капучино,капучино,1,Italian,Indo-European/Romance,cappuccino,food,0.95
эспрессо,эспрессо,1,Italian,Indo-European/Romance,espresso,food,0.95
балкон,балкон,1,Italian,Indo-European/Romance,balcone,architecture,0.85
новелла,новелла,1,Italian,Indo-European/Romance,novella,literature,0.9
импресарио,импресарио,1,Italian,Indo-European/Romance,impresario,art,0.93
фиаско,фиаско,1,Italian,Indo-European/Romance,fiasco,general,0.9
сонет,сонет,1,Italian,Indo-European/Romance,sonetto,literature,0.9
штурвал,штурвал,1,Dutch,Indo-European/Germanic,stuurwiel,naval,0.9
вымпел,вымпел,1,Dutch,Indo-European/Germanic,wimpel,naval,0.88
кабель,кабель,1,Dutch,Indo-European/Germanic,kabel,technology,0.85
трос,трос,1,Dutch,Indo-European/Germanic,tros,naval,0.88
люк,люк,1,Dutch,Indo-European/Germanic,luik,architecture,0.83
бухта,бухта,1,Dutch,Indo-European/Germanic,bocht,geography,0.82
нос,нос,0,Slavic,Indo-European/Slavic,,body,0.03
глаз,глаз,0,Slavic,Indo-European/Slavic,,body,0.03
ухо,ухо,0,Slavic,Indo-European/Slavic,,body,0.03
рот,рот,0,Slavic,Indo-European/Slavic,,body,0.03
зуб,зуб,0,Slavic,Indo-European/Slavic,,body,0.03
палец,палец,0,Slavic,Indo-European/Slavic,,body,0.03
спина,спина,0,Slavic,Indo-European/Slavic,,body,0.03
живот,живот,0,Slavic,Indo-European/Slavic,,body,0.03
кость,кость,0,Slavic,Indo-European/Slavic,,body,0.03
кровь,кровь,0,Slavic,Indo-European/Slavic,,body,0.03
кожа,кожа,0,Slavic,Indo-European/Slavic,,body,0.03
волос,волос,0,Slavic,Indo-European/Slavic,,body,0.03
лицо,лицо,0,Slavic,Indo-European/Slavic,,body,0.04
шея,шея,0,Slavic,Indo-European/Slavic,,body,0.04
грудь,грудь,0,Slavic,Indo-European/Slavic,,body,0.03
плечо,плечо,0,Slavic,Indo-European/Slavic,,body,0.03
лоб,лоб,0,Slavic,Indo-European/Slavic,,body,0.03
язык,язык,0,Slavic,Indo-European/Slavic,,body,0.03
живой,живой,0,Slavic,Indo-European/Slavic,,abstract,0.03
молодой,молодой,0,Slavic,Indo-European/Slavic,,abstract,0.03
богатый,богатый,0,Slavic,Indo-European/Slavic,,abstract,0.03
бедный,бедный,0,Slavic,Indo-European/Slavic,,abstract,0.03
длинный,длинный,0,Slavic,Indo-European/Slavic,,abstract,0.03
короткий,короткий,0,Slavic,Indo-European/Slavic,,abstract,0.03
толстый,толстый,0,Slavic,Indo-European/Slavic,,abstract,0.03
тонкий,тонкий,0,Slavic,Indo-European/Slavic,,abstract,0.03
тёплый,тёплый,0,Slavic,Indo-European/Slavic,,abstract,0.03
холодный,холодный,0,Slavic,Indo-European/Slavic,,abstract,0.03
сухой,сухой,0,Slavic,Indo-European/Slavic,,abstract,0.03
мокрый,мокрый,0,Slavic,Indo-European/Slavic,,abstract,0.03
чистый,чистый,0,Slavic,Indo-European/Slavic,,abstract,0.03
грязный,грязный,0,Slavic,Indo-European/Slavic,,abstract,0.03
острый,острый,0,Slavic,Indo-European/Slavic,,abstract,0.03
лёгкий,лёгкий,0,Slavic,Indo-European/Slavic,,abstract,0.03
тяжёлый,тяжёлый,0,Slavic,Indo-European/Slavic,,abstract,0.03
широкий,широкий,0,Slavic,Indo-European/Slavic,,abstract,0.03
узкий,узкий,0,Slavic,Indo-European/Slavic,,abstract,0.03
глубокий,глубокий,0,Slavic,Indo-European/Slavic,,abstract,0.03
горький,горький,0,Slavic,Indo-European/Slavic,,abstract,0.03
кислый,кислый,0,Slavic,Indo-European/Slavic,,abstract,0.04
сладкий,сладкий,0,Slavic,Indo-European/Slavic,,abstract,0.03
свободный,свободный,0,Slavic,Indo-European/Slavic,,abstract,0.03
трудный,трудный,0,Slavic,Indo-European/Slavic,,abstract,0.03
простой,простой,0,Slavic,Indo-European/Slavic,,abstract,0.03
сложный,сложный,0,Slavic,Indo-European/Slavic,,abstract,0.03
важный,важный,0,Slavic,Indo-European/Slavic,,abstract,0.03
вечный,вечный,0,Slavic,Indo-European/Slavic,,abstract,0.03
весёлый,весёлый,0,Slavic,Indo-European/Slavic,,abstract,0.03
грустный,грустный,0,Slavic,Indo-European/Slavic,,abstract,0.03
лист,лист,0,Slavic,Indo-European/Slavic,,nature,0.03
корень,корень,0,Slavic,Indo-European/Slavic,,nature,0.03
плод,плод,0,Slavic,Indo-European/Slavic,,nature,0.03
зерно,зерно,0,Slavic,Indo-European/Slavic,,nature,0.03
семя,семя,0,Slavic,Indo-European/Slavic,,nature,0.03
яблоко,яблоко,0,Slavic,Indo-European/Slavic,,food,0.03
груша,груша,0,Slavic,Indo-European/Slavic,,food,0.03
вишня,вишня,0,Slavic,Indo-European/Slavic,,food,0.04
слива,слива,0,Slavic,Indo-European/Slavic,,food,0.03
малина,малина,0,Slavic,Indo-European/Slavic,,food,0.03
клубника,клубника,0,Slavic,Indo-European/Slavic,,food,0.03
морковь,морковь,0,Slavic,Indo-European/Slavic,,food,0.03
репа,репа,0,Slavic,Indo-European/Slavic,,food,0.03
капуста,капуста,0,Slavic,Indo-European/Slavic,,food,0.04
чеснок,чеснок,0,Slavic,Indo-European/Slavic,,food,0.03
горох,горох,0,Slavic,Indo-European/Slavic,,food,0.03
пшеница,пшеница,0,Slavic,Indo-European/Slavic,,agriculture,0.03
рожь,рожь,0,Slavic,Indo-European/Slavic,,agriculture,0.03
гречка,гречка,0,Slavic,Indo-European/Slavic,,food,0.04
спать,спать,0,Slavic,Indo-European/Slavic,,action,0.03
есть,есть,0,Slavic,Indo-European/Slavic,,action,0.03
пить,пить,0,Slavic,Indo-European/Slavic,,action,0.03
ходить,ходить,0,Slavic,Indo-European/Slavic,,action,0.03
стоять,стоять,0,Slavic,Indo-European/Slavic,,action,0.03
сидеть,сидеть,0,Slavic,Indo-European/Slavic,,action,0.03
лежать,лежать,0,Slavic,Indo-European/Slavic,,action,0.03
летать,летать,0,Slavic,Indo-European/Slavic,,action,0.03
плыть,плыть,0,Slavic,Indo-European/Slavic,,action,0.03
нести,нести,0,Slavic,Indo-European/Slavic,,action,0.03
тянуть,тянуть,0,Slavic,Indo-European/Slavic,,action,0.03
открыть,открыть,0,Slavic,Indo-European/Slavic,,action,0.03
найти,найти,0,Slavic,Indo-European/Slavic,,action,0.03
помнить,помнить,0,Slavic,Indo-European/Slavic,,action,0.03
забыть,забыть,0,Slavic,Indo-European/Slavic,,action,0.03
понять,понять,0,Slavic,Indo-European/Slavic,,action,0.03
спросить,спросить,0,Slavic,Indo-European/Slavic,,action,0.03
помочь,помочь,0,Slavic,Indo-European/Slavic,,action,0.03
ждать,ждать,0,Slavic,Indo-European/Slavic,,action,0.03
умереть,умереть,0,Slavic,Indo-European/Slavic,,action,0.03
родиться,родиться,0,Slavic,Indo-European/Slavic,,action,0.03
абессивный,абессивный,1,English,Indo-European/Germanic,,,0.88
абилка,абилка,1,English,Indo-European/Germanic,,,0.88
аболиционизм,аболиционизм,1,English,Indo-European/Germanic,,,0.88
аболиционист,аболиционист,1,English,Indo-European/Germanic,,,0.88
аборт,аборт,1,English,Indo-European/Germanic,,,0.88
абс-пластик,абс-пластик,1,English,Indo-European/Germanic,,,0.88
абсцизовый,абсцизовый,1,English,Indo-European/Germanic,,,0.88
абуз,абуз,1,English,Indo-European/Germanic,,,0.88
абьюз,абьюз,1,English,Indo-European/Germanic,,,0.88
абьюзер,абьюзер,1,English,Indo-European/Germanic,,,0.88
аватар,аватар,1,English,Indo-European/Germanic,,,0.88
авиалайнер,авиалайнер,1,English,Indo-European/Germanic,,,0.88
авокадо,авокадо,1,English,Indo-European/Germanic,,,0.88
авраам,авраам,1,English,Indo-European/Germanic,,,0.88
автобус,автобус,1,English,Indo-European/Germanic,,,0.88
авторитетный,авторитетный,1,English,Indo-European/Germanic,,,0.88
автосин,автосин,1,English,Indo-European/Germanic,,,0.88
автостоп,автостоп,1,English,Indo-European/Germanic,,,0.88
агностик,агностик,1,English,Indo-European/Germanic,,,0.88
агностицизм,агностицизм,1,English,Indo-European/Germanic,,,0.88
агностический,агностический,1,English,Indo-European/Germanic,,,0.88
агрить,агрить,1,English,Indo-European/Germanic,,,0.88
агриться,агриться,1,English,Indo-European/Germanic,,,0.88
адамс,адамс,1,English,Indo-European/Germanic,,,0.88
адаптер,адаптер,1,English,Indo-European/Germanic,,,0.88
адвентизм,адвентизм,1,English,Indo-European/Germanic,,,0.88
аддон,аддон,1,English,Indo-European/Germanic,,,0.88
адессивный,адессивный,1,English,Indo-European/Germanic,,,0.88
адреналин,адреналин,1,English,Indo-European/Germanic,,,0.88
айпи,айпить,1,English,Indo-European/Germanic,,,0.88
айринг,айринг,1,English,Indo-European/Germanic,,,0.88
айсинг,айсинг,1,English,Indo-European/Germanic,,,0.88
айтишник,айтишник,1,English,Indo-European/Germanic,,,0.88
айфон,айфон,1,English,Indo-European/Germanic,,,0.88
аквабайк,аквабайк,1,English,Indo-European/Germanic,,,0.88
акваланг,акваланг,1,English,Indo-European/Germanic,,,0.88
аквафреш,аквафреш,1,English,Indo-European/Germanic,,,0.88
аккаунт,аккаунт,1,English,Indo-European/Germanic,,,0.88
акселератор,акселератор,1,English,Indo-European/Germanic,,,0.88
аллативный,аллативный,1,English,Indo-European/Germanic,,,0.88
алло,алло,1,English,Indo-European/Germanic,,,0.88
альтушка,альтушка,1,English,Indo-European/Germanic,,,0.88
альфонсо,альфонсо,1,English,Indo-European/Germanic,,,0.88
американо,америкать,1,English,Indo-European/Germanic,,,0.88
аммоний,аммоний,1,English,Indo-European/Germanic,,,0.88
андаманский,андаманский,1,English,Indo-European/Germanic,,,0.88
андеграунд,андеграунд,1,English,Indo-European/Germanic,,,0.88
андерграунд,андерграунд,1,English,Indo-European/Germanic,,,0.88
аниматроника,аниматроника,1,English,Indo-European/Germanic,,,0.88
аниме,аниме,1,English,Indo-European/Germanic,,,0.88
анкоридж,анкоридж,1,English,Indo-European/Germanic,,,0.88
аннаполис,аннаполис,1,English,Indo-European/Germanic,,,0.88
анскилл,анскилла,1,English,Indo-European/Germanic,,,0.88
антиваксер,антиваксера,1,English,Indo-European/Germanic,,,0.88
антиоксидант,антиоксидант,1,English,Indo-European/Germanic,,,0.88
антипиретик,антипиретик,1,English,Indo-European/Germanic,,,0.88
антифриз,антифриз,1,English,Indo-European/Germanic,,,0.88
антициклон,антициклон,1,English,Indo-European/Germanic,,,0.88
апатеизм,апатеизм,1,English,Indo-European/Germanic,,,0.88
апать,апать,1,English,Indo-European/Germanic,,,0.88
апикальный,апикальный,1,English,Indo-European/Germanic,,,0.88
апликант,апликант,1,English,Indo-European/Germanic,,,0.88
апнуть,апнуть,1,English,Indo-European/Germanic,,,0.88
апперкот,апперкот,1,English,Indo-European/Germanic,,,0.88
апплет,апплет,1,English,Indo-European/Germanic,,,0.88
аппликант,аппликант,1,English,Indo-European/Germanic,,,0.88
аппойнтмент,аппойнтмент,1,English,Indo-European/Germanic,,,0.88
арахидоновый,арахидоновый,1,English,Indo-European/Germanic,,,0.88
аренби,аренби,1,English,Indo-European/Germanic,,,0.88
армрестлинг,армрестлинг,1,English,Indo-European/Germanic,,,0.88
арность,арность,1,English,Indo-European/Germanic,,,0.88
арт-дилер,арт-дилер,1,English,Indo-European/Germanic,,,0.88
арт-директор,арт-директор,1,English,Indo-European/Germanic,,,0.88
асеан,асеана,1,English,Indo-European/Germanic,,,0.88
астронавт,астронавт,1,English,Indo-European/Germanic,,,0.88
атари,атари,1,English,Indo-European/Germanic,,,0.88
аткинсон,аткинсон,1,English,Indo-European/Germanic,,,0.88
атланта,атланта,1,English,Indo-European/Germanic,,,0.88
аутинг,аутинг,1,English,Indo-European/Germanic,,,0.88
аутсайдер,аутсайдер,1,English,Indo-European/Germanic,,,0.88
ауч,ауч,1,English,Indo-European/Germanic,,,0.88
афро,афро,1,English,Indo-European/Germanic,,,0.88
афтершок,афтершок,1,English,Indo-European/Germanic,,,0.88
ацетилхолинэстераза,ацетилхолинэстераза,1,English,Indo-European/Germanic,,,0.88
аэробика,аэробика,1,English,Indo-European/Germanic,,,0.88
аэроплан,аэроплан,1,English,Indo-European/Germanic,,,0.88
аэропорт,аэропорт,1,English,Indo-European/Germanic,,,0.88
аэростат,аэростат,1,English,Indo-European/Germanic,,,0.88
баббит,баббит,1,English,Indo-European/Germanic,,,0.88
база,база,1,English,Indo-European/Germanic,,,0.88
базука,базука,1,English,Indo-European/Germanic,,,0.88
бай,бай,1,English,Indo-European/Germanic,,,0.88
бай-бай,бай-бай,1,English,Indo-European/Germanic,,,0.88
байден,байден,1,English,Indo-European/Germanic,,,0.88
байк,байк,1,English,Indo-European/Germanic,,,0.88
байт,байт,1,English,Indo-European/Germanic,,,0.88
байтный,байтный,1,English,Indo-European/Germanic,,,0.88
байтовый,байтовый,1,English,Indo-European/Germanic,,,0.88
бакс,бакс,1,English,Indo-European/Germanic,,,0.88
балкер,балкер,1,English,Indo-European/Germanic,,,0.88
бампер,бампер,1,English,Indo-European/Germanic,,,0.88
бан,бан,1,English,Indo-European/Germanic,,,0.88
бандана,бандать,1,English,Indo-European/Germanic,,,0.88
бандерлог,бандерлог,1,English,Indo-European/Germanic,,,0.88
банджо,банджо,1,English,Indo-European/Germanic,,,0.88
баннер,баннер,1,English,Indo-European/Germanic,,,0.88
банши,банша,1,English,Indo-European/Germanic,,,0.88
баньши,баньша,1,English,Indo-European/Germanic,,,0.88
баптист,баптист,1,English,Indo-European/Germanic,,,0.88
бар,бар,1,English,Indo-European/Germanic,,,0.88
барбекю,барбекю,1,English,Indo-European/Germanic,,,0.88
барбершоп,барбершоп,1,English,Indo-European/Germanic,,,0.88
бард,бард,1,English,Indo-European/Germanic,,,0.88
бармен,бармен,1,English,Indo-European/Germanic,,,0.88
бартер,бартер,1,English,Indo-European/Germanic,,,0.88
басенджи,басенджи,1,English,Indo-European/Germanic,,,0.88
бассет-хаунд,бассет-хаунд,1,English,Indo-European/Germanic,,,0.88
батон-руж,батон-руж,1,English,Indo-European/Germanic,,,0.88
баттерфляй,баттерфляй,1,English,Indo-European/Germanic,,,0.88
баттл,баттл,1,English,Indo-European/Germanic,,,0.88
беби,бести,1,English,Indo-European/Germanic,,,0.88
бебиситтер,бебиситтер,1,English,Indo-European/Germanic,,,0.88
беван,беван,1,English,Indo-European/Germanic,,,0.88
бедж,бедж,1,English,Indo-European/Germanic,,,0.88
бедлам,бедлам,1,English,Indo-European/Germanic,,,0.88
безос,безос,1,English,Indo-European/Germanic,,,0.88
бейгл,бейглый,1,English,Indo-European/Germanic,,,0.88
бейтсон,бейтсон,1,English,Indo-European/Germanic,,,0.88
бекон,бекон,1,English,Indo-European/Germanic,,,0.88
бел,бел,1,English,Indo-European/Germanic,,,0.88
беннион,беннион,1,English,Indo-European/Germanic,,,0.88
берданка,берданка,1,English,Indo-European/Germanic,,,0.88
берни,бернуть,1,English,Indo-European/Germanic,,,0.88
бестселлер,бестселлер,1,English,Indo-European/Germanic,,,0.88
беттер,беттереть,1,English,Indo-European/Germanic,,,0.88
би,би,1,English,Indo-European/Germanic,,,0.88
биг-мэк,биг-мэк,1,English,Indo-European/Germanic,,,0.88
бигфут,бигфут,1,English,Indo-European/Germanic,,,0.88
бизнес-план,бизнес-план,1,English,Indo-European/Germanic,,,0.88
бизнесвумен,бизнесвумен,1,English,Indo-European/Germanic,,,0.88
бизнесмен,бизнесмен,1,English,Indo-European/Germanic,,,0.88
бикамерализм,бикамерализм,1,English,Indo-European/Germanic,,,0.88
бикини,бикини,1,English,Indo-European/Germanic,,,0.88
билборд,билборд,1,English,Indo-European/Germanic,,,0.88
билсон,билсон,1,English,Indo-European/Germanic,,,0.88
бинго,бинго,1,English,Indo-European/Germanic,,,0.88
бисмарк,бисмарк,1,English,Indo-European/Germanic,,,0.88
биткоин,биткоина,1,English,Indo-European/Germanic,,,0.88
битловский,битловский,1,English,Indo-European/Germanic,,,0.88
битловый,битловыя,1,English,Indo-European/Germanic,,,0.88
битломания,битломание,1,English,Indo-European/Germanic,,,0.88
битник,битник,1,English,Indo-European/Germanic,,,0.88
битный,битный,1,English,Indo-European/Germanic,,,0.88
битовый,битовый,1,English,Indo-European/Germanic,,,0.88
бич,бич,1,English,Indo-European/Germanic,,,0.88
бланк,бланк,1,English,Indo-European/Germanic,,,0.88
блейзер,блейзер,1,English,Indo-European/Germanic,,,0.88
блек-джек,блек-джек,1,English,Indo-European/Germanic,,,0.88
блендер,блендер,1,English,Indo-European/Germanic,,,0.88
блеф,блеф,1,English,Indo-European/Germanic,,,0.88
блогосфера,блогосфера,1,English,Indo-European/Germanic,,,0.88
блок,блок,1,English,Indo-European/Germanic,,,0.88
блокбастер,блокбастер,1,English,Indo-European/Germanic,,,0.88
блэкаут,блэкаут,1,English,Indo-European/Germanic,,,0.88
блэкджек,блэкджек,1,English,Indo-European/Germanic,,,0.88
блэкман,блэкман,1,English,Indo-European/Germanic,,,0.88
блэкфейс,блэкфейс,1,English,Indo-European/Germanic,,,0.88
блюз,блюз,1,English,Indo-European/Germanic,,,0.88
блютус,блютус,1,English,Indo-European/Germanic,,,0.88
боб,боб,1,English,Indo-European/Germanic,,,0.88
бобслей,бобслей,1,English,Indo-European/Germanic,,,0.88
бобсон,бобсон,1,English,Indo-European/Germanic,,,0.88
боггс,боггс,1,English,Indo-European/Germanic,,,0.88
боди,бодить,1,English,Indo-European/Germanic,,,0.88
бодибилдинг,бодибилдинг,1,English,Indo-European/Germanic,,,0.88
бозон,бозон,1,English,Indo-European/Germanic,,,0.88
бой,бой,1,English,Indo-European/Germanic,,,0.88
бойкот,бойкот,1,English,Indo-European/Germanic,,,0.88
бойлер,бойлер,1,English,Indo-European/Germanic,,,0.88
бойскаут,бойскаут,1,English,Indo-European/Germanic,,,0.88
бойфренд,бойфренд,1,English,Indo-European/Germanic,,,0.88
бокчой,бокча,1,English,Indo-European/Germanic,,,0.88
боллз,боллзти,1,English,Indo-European/Germanic,,,0.88
болливуд,болливуд,1,English,Indo-European/Germanic,,,0.88
болт,болт,1,English,Indo-European/Germanic,,,0.88
бон,бон,1,English,Indo-European/Germanic,,,0.88
бордер-колли,бордер-колли,1,English,Indo-European/Germanic,,,0.88
босс,босс,1,English,Indo-European/Germanic,,,0.88
бостон,бостон,1,English,Indo-European/Germanic,,,0.88
боулз,боулзти,1,English,Indo-European/Germanic,,,0.88
боулинг,боулинг,1,English,Indo-European/Germanic,,,0.88
брандмауэр,брандмауэр,1,English,Indo-European/Germanic,,,0.88
браун,браун,1,English,Indo-European/Germanic,,,0.88
браунли,браунли,1,English,Indo-European/Germanic,,,0.88
брейккор,брейккор,1,English,Indo-European/Germanic,,,0.88
брейнсторминг,брейнсторминг,1,English,Indo-European/Germanic,,,0.88
брекет,брекет,1,English,Indo-European/Germanic,,,0.88
брекинридж,брекинридж,1,English,Indo-European/Germanic,,,0.88
брендбук,брендбук,1,English,Indo-European/Germanic,,,0.88
бренди,бренди,1,English,Indo-European/Germanic,,,0.88
бриг,бриг,1,English,Indo-European/Germanic,,,0.88
бриз,бриз,1,English,Indo-European/Germanic,,,0.88
брикс,брикс,1,English,Indo-European/Germanic,,,0.88
бро,бро,1,English,Indo-European/Germanic,,,0.88
буги-вуги,буги-вуги,1,English,Indo-European/Germanic,,,0.88
буккер,буккер,1,English,Indo-European/Germanic,,,0.88
буклет,буклет,1,English,Indo-European/Germanic,,,0.88
букмекер,букмекер,1,English,Indo-European/Germanic,,,0.88
буллинг,буллинга,1,English,Indo-European/Germanic,,,0.88
бульбоуретральный,бульбоуретральный,1,English,Indo-European/Germanic,,,0.88
бульдог,бульдог,1,English,Indo-European/Germanic,,,0.88
бульдозер,бульдозер,1,English,Indo-European/Germanic,,,0.88
бум,бум,1,English,Indo-European/Germanic,,,0.88
бунгало,бунгало,1,English,Indo-European/Germanic,,,0.88
бути-дэнс,бути-дэнс,1,English,Indo-European/Germanic,,,0.88
бути-шейк,бути-шейк,1,English,Indo-European/Germanic,,,0.88
буттиджич,буттиджич,1,English,Indo-European/Germanic,,,0.88
буфер,буфер,1,English,Indo-European/Germanic,,,0.88
бушель,бушель,1,English,Indo-European/Germanic,,,0.88
бэби-бокс,бэби-бокс,1,English,Indo-European/Germanic,,,0.88
бэби-бум,бэби-бум,1,English,Indo-European/Germanic,,,0.88
бэйтс,бэйтс,1,English,Indo-European/Germanic,,,0.88
бэкграунд,бэкграунд,1,English,Indo-European/Germanic,,,0.88
бэкдор,бэкдора,1,English,Indo-European/Germanic,,,0.88
бюджет,бюджет,1,English,Indo-European/Germanic,,,0.88
вагон,вагон,1,English,Indo-European/Germanic,,,0.88
вайб,вайба,1,English,Indo-European/Germanic,,,0.88
вайфай,вайфай,1,English,Indo-European/Germanic,,,0.88
вайфу,вайф,1,English,Indo-European/Germanic,,,0.88
валентный,валентный,1,English,Indo-European/Germanic,,,0.88
валлаби,валлаби,1,English,Indo-European/Germanic,,,0.88
ватер,ватер,1,English,Indo-European/Germanic,,,0.88
ватерпруф,ватерпруф,1,English,Indo-European/Germanic,,,0.88
ватман,ватман,1,English,Indo-European/Germanic,,,0.88
ватт,ватт,1,English,Indo-European/Germanic,,,0.88
вау,вау,1,English,Indo-European/Germanic,,,0.88
ваучер,ваучер,1,English,Indo-European/Germanic,,,0.88
ваха,ваха,1,English,Indo-European/Germanic,,,0.88
вашингтон,вашингтон,1,English,Indo-European/Germanic,,,0.88
веб,веб,1,English,Indo-European/Germanic,,,0.88
веб-сайт,веб-сайт,1,English,Indo-European/Germanic,,,0.88
веб-страница,веб-страница,1,English,Indo-European/Germanic,,,0.88
веган,вегана,1,English,Indo-European/Germanic,,,0.88
вейп,вейп,1,English,Indo-European/Germanic,,,0.88
вейпить,вейпить,1,English,Indo-European/Germanic,,,0.88
вендиго,вендиго,1,English,Indo-European/Germanic,,,0.88
верея,верея,1,English,Indo-European/Germanic,,,0.88
вестерн,вестерн,1,English,Indo-European/Germanic,,,0.88
видеоблог,видеоблог,1,English,Indo-European/Germanic,,,0.88
видеокассета,видеокассета,1,English,Indo-European/Germanic,,,0.88
виджет,виджет,1,English,Indo-European/Germanic,,,0.88
википедия,википедия,1,English,Indo-European/Germanic,,,0.88
викторсон,викторсон,1,English,Indo-European/Germanic,,,0.88
виндзор,виндзора,1,English,Indo-European/Germanic,,,0.88
виндсёрф,виндсёрф,1,English,Indo-European/Germanic,,,0.88
виндсёрфинг,виндсёрфинг,1,English,Indo-European/Germanic,,,0.88
винни-пух,винни-пух,1,English,Indo-European/Germanic,,,0.88
виски,виски,1,English,Indo-European/Germanic,,,0.88
витамин,витамин,1,English,Indo-European/Germanic,,,0.88
войс,войс,1,English,Indo-European/Germanic,,,0.88
вокзал,вокзал,1,English,Indo-European/Germanic,,,0.88
воки-токи,вок-ток,1,English,Indo-European/Germanic,,,0.88
волейбол,волейбол,1,English,Indo-European/Germanic,,,0.88
вор,вор,1,English,Indo-European/Germanic,,,0.88
воркать,воркатя,1,English,Indo-European/Germanic,,,0.88
вувузела,вувузесть,1,English,Indo-European/Germanic,,,0.88
вуду,вуд,1,English,Indo-European/Germanic,,,0.88
выгорание,выгорание,1,English,Indo-European/Germanic,,,0.88
гаджет,гаджет,1,English,Indo-European/Germanic,,,0.88
галлон,галлон,1,English,Indo-European/Germanic,,,0.88
гамбургер,гамбургер,1,English,Indo-European/Germanic,,,0.88
гангстер,гангстер,1,English,Indo-European/Germanic,,,0.88
гандбол,гандбол,1,English,Indo-European/Germanic,,,0.88
ганнибал,ганнибал,1,English,Indo-European/Germanic,,,0.88
гарвард,гарвард,1,English,Indo-European/Germanic,,,0.88
гармоника,гармоника,1,English,Indo-European/Germanic,,,0.88
гармонь,гармонь,1,English,Indo-European/Germanic,,,0.88
гаррисберг,гаррисберг,1,English,Indo-European/Germanic,,,0.88
гарсия,гарсия,1,English,Indo-European/Germanic,,,0.88
гарфилд,гарфилд,1,English,Indo-European/Germanic,,,0.88
гей,гей,1,English,Indo-European/Germanic,,,0.88
гей-бар,гей-бар,1,English,Indo-European/Germanic,,,0.88
гей-движение,гей-движение,1,English,Indo-European/Germanic,,,0.88
гей-клуб,гей-клуб,1,English,Indo-European/Germanic,,,0.88
геймплей,геймплей,1,English,Indo-European/Germanic,,,0.88
гендерный,гендерный,1,English,Indo-European/Germanic,,,0.88
генри,генри,1,English,Indo-European/Germanic,,,0.88
генрисон,генрисон,1,English,Indo-European/Germanic,,,0.88
гёрлфренд,гёрлфренд,1,English,Indo-European/Germanic,,,0.88
гетеросексуал,гетеросексуал,1,English,Indo-European/Germanic,,,0.88
гидрофойл,гидрофойло,1,English,Indo-European/Germanic,,,0.88
гипермаркет,гипермаркет,1,English,Indo-European/Germanic,,,0.88
гиперссылка,гиперссылка,1,English,Indo-European/Germanic,,,0.88
гифка,гифка,1,English,Indo-European/Germanic,,,0.88
гичка,гичка,1,English,Indo-European/Germanic,,,0.88
гликопротеин,гликопротеин,1,English,Indo-European/Germanic,,,0.88
гну,гну,1,English,Indo-European/Germanic,,,0.88
гобой,гобой,1,English,Indo-European/Germanic,,,0.88
годвинсон,годвинсон,1,English,Indo-European/Germanic,,,0.88
гол,гол,1,English,Indo-European/Germanic,,,0.88
голдсмит,голдсмит,1,English,Indo-European/Germanic,,,0.88
гольф,гольф,1,English,Indo-European/Germanic,,,0.88
гонконг,гонконг,1,English,Indo-European/Germanic,,,0.88
гордон,гордон,1,English,Indo-European/Germanic,,,0.88
гормональный,гормональный,1,English,Indo-European/Germanic,,,0.88
граммар-наци,граммар-наци,1,English,Indo-European/Germanic,,,0.88
грант,грант,1,English,Indo-European/Germanic,,,0.88
граф,граф,1,English,Indo-European/Germanic,,,0.88
грегарина,грегарин,1,English,Indo-European/Germanic,,,0.88
грейдер,грейдер,1,English,Indo-European/Germanic,,,0.88
грейпфрут,грейпфрут,1,English,Indo-European/Germanic,,,0.88
грейхаунд,грейхаунд,1,English,Indo-European/Germanic,,,0.88
гризли,гризли,1,English,Indo-European/Germanic,,,0.88
а-ля,а-ля,1,French,Indo-European/Romance,,,0.88
аба-ван,аба-ван,1,French,Indo-European/Romance,,,0.88
аба-вуа,аба-вуа,1,French,Indo-European/Romance,,,0.88
абажур,абажур,1,French,Indo-European/Romance,,,0.88
абак,абак,1,French,Indo-European/Romance,,,0.88
абакост,абакоста,1,French,Indo-European/Romance,,,0.88
абандон,абандон,1,French,Indo-European/Romance,,,0.88
абдоминальный,абдоминальный,1,French,Indo-European/Romance,,,0.88
аберрация,аберрация,1,French,Indo-European/Romance,,,0.88
абес,абес,1,French,Indo-European/Romance,,,0.88
абецедарий,абецедарий,1,French,Indo-European/Romance,,,0.88
абиссаль,абиссаль,1,French,Indo-European/Romance,,,0.88
абонемент,абонемент,1,French,Indo-European/Romance,,,0.88
абордаж,абордаж,1,French,Indo-European/Romance,,,0.88
абразив,абразив,1,French,Indo-European/Romance,,,0.88
абреже,абреже,1,French,Indo-European/Romance,,,0.88
абсанс,абсанс,1,French,Indo-European/Romance,,,0.88
абсент,абсент,1,French,Indo-European/Romance,,,0.88
абсолютизм,абсолютизм,1,French,Indo-European/Romance,,,0.88
абстракция,абстракция,1,French,Indo-European/Romance,,,0.88
аваль,аваль,1,French,Indo-European/Romance,,,0.88
авангард,авангард,1,French,Indo-European/Romance,,,0.88
аванпост,аванпост,1,French,Indo-European/Romance,,,0.88
аванс,аванс,1,French,Indo-European/Romance,,,0.88
авантюра,авантюра,1,French,Indo-European/Romance,,,0.88
авантюрист,авантюрист,1,French,Indo-European/Romance,,,0.88
аверс,аверс,1,French,Indo-European/Romance,,,0.88
авиация,авиация,1,French,Indo-European/Romance,,,0.88
авиньон,авиньон,1,French,Indo-European/Romance,,,0.88
автоматизм,автоматизм,1,French,Indo-European/Romance,,,0.88
автомобилист,автомобилист,1,French,Indo-European/Romance,,,0.88
автомобиль,автомобиль,1,French,Indo-European/Romance,,,0.88
автопортрет,автопортрет,1,French,Indo-European/Romance,,,0.88
авторитаризм,авторитаризм,1,French,Indo-European/Romance,,,0.88
авуары,авуары,1,French,Indo-European/Romance,,,0.88
агат,агат,1,French,Indo-European/Romance,,,0.88
агрегат,агрегат,1,French,Indo-European/Romance,,,0.88
агрессивный,агрессивный,1,French,Indo-European/Romance,,,0.88
агрессия,агрессия,1,French,Indo-European/Romance,,,0.88
агути,агути,1,French,Indo-European/Romance,,,0.88
адажио,адажио,1,French,Indo-European/Romance,,,0.88
адепт,адепт,1,French,Indo-European/Romance,,,0.88
адрес,адрес,1,French,Indo-European/Romance,,,0.88
адсорбировать,адсорбировать,1,French,Indo-European/Romance,,,0.88
адьё,адьё,1,French,Indo-European/Romance,,,0.88
адюльтер,адюльтер,1,French,Indo-European/Romance,,,0.88
-аж,-аж,1,French,Indo-European/Romance,,,0.88
ажан,ажан,1,French,Indo-European/Romance,,,0.88
ажио,ажио,1,French,Indo-European/Romance,,,0.88
ажиотаж,ажиотаж,1,French,Indo-European/Romance,,,0.88
ажитация,ажитация,1,French,Indo-European/Romance,,,0.88
азарт,азарт,1,French,Indo-European/Romance,,,0.88
азнавур,азнавура,1,French,Indo-European/Romance,,,0.88
азот,азот,1,French,Indo-European/Romance,,,0.88
аи,аи,1,French,Indo-European/Romance,,,0.88
акварель,акварель,1,French,Indo-European/Romance,,,0.88
аккорд,аккорд,1,French,Indo-European/Romance,,,0.88
аккордеон,аккордеон,1,French,Indo-European/Romance,,,0.88
аккредитовать,аккредитовать,1,French,Indo-European/Romance,,,0.88
актёр,актёр,1,French,Indo-European/Romance,,,0.88
актриса,актриса,1,French,Indo-European/Romance,,,0.88
акушер,акушер,1,French,Indo-European/Romance,,,0.88
акцентуация,акцентуация,1,French,Indo-European/Romance,,,0.88
акциз,акциз,1,French,Indo-European/Romance,,,0.88
акционер,акционер,1,French,Indo-European/Romance,,,0.88
алеппо,алеппо,1,French,Indo-European/Romance,,,0.88
аллонж,аллонж,1,French,Indo-European/Romance,,,0.88
аллюр,аллюр,1,French,Indo-European/Romance,,,0.88
альбатрос,альбатрос,1,French,Indo-European/Romance,,,0.88
альбинос,альбинос,1,French,Indo-European/Romance,,,0.88
альков,альков,1,French,Indo-European/Romance,,,0.88
альпага,альпага,1,French,Indo-European/Romance,,,0.88
альпинизм,альпинизм,1,French,Indo-European/Romance,,,0.88
альтруизм,альтруизм,1,French,Indo-European/Romance,,,0.88
альфонс,альфонс,1,French,Indo-European/Romance,,,0.88
альянс,альянс,1,French,Indo-European/Romance,,,0.88
амбразура,амбразура,1,French,Indo-European/Romance,,,0.88
амбре,амбре,1,French,Indo-European/Romance,,,0.88
амбушюр,амбушюр,1,French,Indo-European/Romance,,,0.88
аминокислота,аминокислота,1,French,Indo-European/Romance,,,0.88
аморализм,аморализм,1,French,Indo-European/Romance,,,0.88
аморальный,аморальный,1,French,Indo-European/Romance,,,0.88
амортизатор,амортизатор,1,French,Indo-European/Romance,,,0.88
амортизация,амортизация,1,French,Indo-European/Romance,,,0.88
ампер,ампер,1,French,Indo-European/Romance,,,0.88
ампер-час,ампер-час,1,French,Indo-European/Romance,,,0.88
ампир,ампир,1,French,Indo-European/Romance,,,0.88
амплуа,амплуа,1,French,Indo-European/Romance,,,0.88
амур,амур,1,French,Indo-European/Romance,,,0.88
амьен,амьен,1,French,Indo-European/Romance,,,0.88
анархист,анархист,1,French,Indo-European/Romance,,,0.88
анархический,анархический,1,French,Indo-European/Romance,,,0.88
ангажировать,ангажировать,1,French,Indo-European/Romance,,,0.88
ангар,ангар,1,French,Indo-European/Romance,,,0.88
анекдот,анекдот,1,French,Indo-European/Romance,,,0.88
анжамбеман,анжамбеман,1,French,Indo-European/Romance,,,0.88
анкета,анкета,1,French,Indo-European/Romance,,,0.88
аннексия,аннексия,1,French,Indo-European/Romance,,,0.88
аннигиляция,аннигиляция,1,French,Indo-European/Romance,,,0.88
анолис,анолис,1,French,Indo-European/Romance,,,0.88
анонс,анонс,1,French,Indo-European/Romance,,,0.88
анонсировать,анонсировать,1,French,Indo-European/Romance,,,0.88
антилопа,антилопа,1,French,Indo-European/Romance,,,0.88
антинародный,антинародный,1,French,Indo-European/Romance,,,0.88
антиобщественный,антиобщественный,1,French,Indo-European/Romance,,,0.88
антитело,антитело,1,French,Indo-European/Romance,,,0.88
антитеррористический,антитеррористический,1,French,Indo-European/Romance,,,0.88
антраша,антраша,1,French,Indo-European/Romance,,,0.88
антреприза,антреприза,1,French,Indo-European/Romance,,,0.88
антресоль,антресоль,1,French,Indo-European/Romance,,,0.88
антураж,антураж,1,French,Indo-European/Romance,,,0.88
анфас,анфас,1,French,Indo-European/Romance,,,0.88
анфилада,анфилада,1,French,Indo-European/Romance,,,0.88
апартамент,апартамент,1,French,Indo-European/Romance,,,0.88
апатрид,апатрид,1,French,Indo-European/Romance,,,0.88
апельсин,апельсин,1,French,Indo-European/Romance,,,0.88
аперитив,аперитив,1,French,Indo-European/Romance,,,0.88
аплодировать,аплодировать,1,French,Indo-European/Romance,,,0.88
аплодисменты,аплодисменты,1,French,Indo-European/Romance,,,0.88
апломб,апломб,1,French,Indo-European/Romance,,,0.88
аполитичный,аполитичный,1,French,Indo-European/Romance,,,0.88
апостиль,апостиль,1,French,Indo-European/Romance,,,0.88
апостроф,апостроф,1,French,Indo-European/Romance,,,0.88
араб,араб,1,French,Indo-European/Romance,,,0.88
арабеск,арабеск,1,French,Indo-European/Romance,,,0.88
арбалет,арбалет,1,French,Indo-European/Romance,,,0.88
арбитр,арбитр,1,French,Indo-European/Romance,,,0.88
арбитраж,арбитраж,1,French,Indo-European/Romance,,,0.88
арго,арго,1,French,Indo-European/Romance,,,0.88
аркада,аркада,1,French,Indo-European/Romance,,,0.88
арманьяк,арманьяк,1,French,Indo-European/Romance,,,0.88
арондисман,арондисман,1,French,Indo-European/Romance,,,0.88
артериальный,артериальный,1,French,Indo-European/Romance,,,0.88
артикль,артикль,1,French,Indo-European/Romance,,,0.88
артиллерия,артиллерия,1,French,Indo-European/Romance,,,0.88
артист,артист,1,French,Indo-European/Romance,,,0.88
артистичный,артистичный,1,French,Indo-European/Romance,,,0.88
архаический,архаический,1,French,Indo-European/Romance,,,0.88
арьергард,арьергард,1,French,Indo-European/Romance,,,0.88
ас,ас,1,French,Indo-European/Romance,,,0.88
аспирант,аспирант,1,French,Indo-European/Romance,,,0.88
ассамблея,ассамблея,1,French,Indo-European/Romance,,,0.88
ассортимент,ассортимент,1,French,Indo-European/Romance,,,0.88
ассоциация,ассоциация,1,French,Indo-European/Romance,,,0.88
астения,астения,1,French,Indo-European/Romance,,,0.88
асфальт,асфальт,1,French,Indo-European/Romance,,,0.88
атака,атака,1,French,Indo-European/Romance,,,0.88
атанда,атанда,1,French,Indo-European/Romance,,,0.88
ателье,ателье,1,French,Indo-European/Romance,,,0.88
атеросклероз,атеросклероз,1,French,Indo-European/Romance,,,0.88
-атор,-атор,1,French,Indo-European/Romance,,,0.88
атташе,атташе,1,French,Indo-European/Romance,,,0.88
аттестовать,аттестовать,1,French,Indo-European/Romance,,,0.88
аттитюд,аттитюд,1,French,Indo-European/Romance,,,0.88
аудитория,аудитория,1,French,Indo-European/Romance,,,0.88
афера,афера,1,French,Indo-European/Romance,,,0.88
аферист,аферист,1,French,Indo-European/Romance,,,0.88
аш,аш,1,French,Indo-European/Romance,,,0.88
аэрограмма,аэрограмма,1,French,Indo-European/Romance,,,0.88
аэродром,аэродром,1,French,Indo-European/Romance,,,0.88
багаж,багаж,1,French,Indo-European/Romance,,,0.88
багет,багет,1,French,Indo-European/Romance,,,0.88
базальный,базальный,1,French,Indo-European/Romance,,,0.88
байка,байка,1,French,Indo-European/Romance,,,0.88
бак,бак,1,French,Indo-European/Romance,,,0.88
бал,бал,1,French,Indo-European/Romance,,,0.88
баланс,баланс,1,French,Indo-European/Romance,,,0.88
балет-феерия,балет-феерия,1,French,Indo-European/Romance,,,0.88
балл,балл,1,French,Indo-European/Romance,,,0.88
баллада,баллада,1,French,Indo-European/Romance,,,0.88
баллон,баллон,1,French,Indo-European/Romance,,,0.88
баллотировать,баллотировать,1,French,Indo-European/Romance,,,0.88
балюстрада,балюстрада,1,French,Indo-European/Romance,,,0.88
бамбук,бамбук,1,French,Indo-European/Romance,,,0.88
банальный,банальный,1,French,Indo-European/Romance,,,0.88
банан,банан,1,French,Indo-European/Romance,,,0.88
банда,банда,1,French,Indo-European/Romance,,,0.88
бандаж,бандаж,1,French,Indo-European/Romance,,,0.88
бандероль,бандероль,1,French,Indo-European/Romance,,,0.88
банкет,банкет,1,French,Indo-European/Romance,,,0.88
барак,барак,1,French,Indo-European/Romance,,,0.88
барельеф,барельеф,1,French,Indo-European/Romance,,,0.88
баржа,баржа,1,French,Indo-European/Romance,,,0.88
барон,барон,1,French,Indo-European/Romance,,,0.88
барражирование,барражирование,1,French,Indo-European/Romance,,,0.88
баррес,баррес,1,French,Indo-European/Romance,,,0.88
баррикада,баррикада,1,French,Indo-European/Romance,,,0.88
барьер,барьер,1,French,Indo-European/Romance,,,0.88
бассейн,бассейн,1,French,Indo-European/Romance,,,0.88
бастион,бастион,1,French,Indo-European/Romance,,,0.88
баталия,баталия,1,French,Indo-European/Romance,,,0.88
батарея,батарея,1,French,Indo-European/Romance,,,0.88
батист,батист,1,French,Indo-European/Romance,,,0.88
батисфера,батисфера,1,French,Indo-European/Romance,,,0.88
батон,батон,1,French,Indo-European/Romance,,,0.88
батут,батут,1,French,Indo-European/Romance,,,0.88
беж,беж,1,French,Indo-European/Romance,,,0.88
бездействие,бездействие,1,French,Indo-European/Romance,,,0.88
безе,безе,1,French,Indo-European/Romance,,,0.88
безнравственный,безнравственный,1,French,Indo-European/Romance,,,0.88
безукоризненный,безукоризненный,1,French,Indo-European/Romance,,,0.88
безупречный,безупречный,1,French,Indo-European/Romance,,,0.88
бекар,бекар,1,French,Indo-European/Romance,,,0.88
бекас,бекас,1,French,Indo-European/Romance,,,0.88
бельэтаж,бельэтаж,1,French,Indo-European/Romance,,,0.88
бемоль,бемоль,1,French,Indo-European/Romance,,,0.88
бенефис,бенефис,1,French,Indo-European/Romance,,,0.88
бенефициар,бенефициар,1,French,Indo-European/Romance,,,0.88
бенуа,бенуа,1,French,Indo-European/Romance,,,0.88
бесполый,бесполый,1,French,Indo-European/Romance,,,0.88
бесформенный,бесформенный,1,French,Indo-European/Romance,,,0.88
бетон,бетон,1,French,Indo-European/Romance,,,0.88
бефстроганов,бефстроганов,1,French,Indo-European/Romance,,,0.88
бивак,бивак,1,French,Indo-European/Romance,,,0.88
бивуак,бивуак,1,French,Indo-European/Romance,,,0.88
бигуди,бигуди,1,French,Indo-European/Romance,,,0.88
биде,биде,1,French,Indo-European/Romance,,,0.88
бидон,бидон,1,French,Indo-European/Romance,,,0.88
бизон,бизон,1,French,Indo-European/Romance,,,0.88
билет,билет,1,French,Indo-European/Romance,,,0.88
бильярд,бильярд,1,French,Indo-European/Romance,,,0.88
бинокль,бинокль,1,French,Indo-European/Romance,,,0.88
бисквит,бисквит,1,French,Indo-European/Romance,,,0.88
бистро,бистро,1,French,Indo-European/Romance,,,0.88
блиндаж,блиндаж,1,French,Indo-European/Romance,,,0.88
блокнот,блокнот,1,French,Indo-European/Romance,,,0.88
боа,боа,1,French,Indo-European/Romance,,,0.88
бобина,бобина,1,French,Indo-European/Romance,,,0.88
бокаж,бокаж,1,French,Indo-European/Romance,,,0.88
бокал,бокал,1,French,Indo-European/Romance,,,0.88
боксит,боксит,1,French,Indo-European/Romance,,,0.88
болид,болид,1,French,Indo-European/Romance,,,0.88
болонка,болонка,1,French,Indo-European/Romance,,,0.88
бомонд,бомонд,1,French,Indo-European/Romance,,,0.88
бонбоньерка,бонбоньерка,1,French,Indo-European/Romance,,,0.88
бонистика,бонистика,1,French,Indo-European/Romance,,,0.88
бонмо,бонмо,1,French,Indo-European/Romance,,,0.88
бордель,бордель,1,French,Indo-European/Romance,,,0.88
бордо,бордо,1,French,Indo-European/Romance,,,0.88
бордюр,бордюр,1,French,Indo-European/Romance,,,0.88
боскет,боскет,1,French,Indo-European/Romance,,,0.88
бра,бра,1,French,Indo-European/Romance,,,0.88
бравада,бравада,1,French,Indo-European/Romance,,,0.88
бравый,бравый,1,French,Indo-European/Romance,,,0.88
браконьер,браконьер,1,French,Indo-European/Romance,,,0.88
брелок,брелок,1,French,Indo-European/Romance,,,0.88
брест,брест,1,French,Indo-European/Romance,,,0.88
бретань,бретань,1,French,Indo-European/Romance,,,0.88
бретёр,бретёр,1,French,Indo-European/Romance,,,0.88
брешь,брешь,1,French,Indo-European/Romance,,,0.88
бри,бри,1,French,Indo-European/Romance,,,0.88
бризантный,бризантный,1,French,Indo-European/Romance,,,0.88
брикет,брикет,1,French,Indo-European/Romance,,,0.88
брошь,брошь,1,French,Indo-European/Romance,,,0.88
брошюра,брошюра,1,French,Indo-European/Romance,,,0.88
брюнет,брюнет,1,French,Indo-European/Romance,,,0.88
брюссель,брюссель,1,French,Indo-European/Romance,,,0.88
будировать,будировать,1,French,Indo-European/Romance,,,0.88
будуар,будуар,1,French,Indo-European/Romance,,,0.88
буквальный,буквальный,1,French,Indo-European/Romance,,,0.88
букет,букет,1,French,Indo-European/Romance,,,0.88
букинист,букинист,1,French,Indo-European/Romance,,,0.88
букля,букля,1,French,Indo-European/Romance,,,0.88
бурбон,бурбон,1,French,Indo-European/Romance,,,0.88
буржуа,буржуа,1,French,Indo-European/Romance,,,0.88
буржуазия,буржуазия,1,French,Indo-European/Romance,,,0.88
буржуазный,буржуазный,1,French,Indo-European/Romance,,,0.88
буржуй,буржуй,1,French,Indo-European/Romance,,,0.88
буриме,буриме,1,French,Indo-European/Romance,,,0.88
бурре,бурра,1,French,Indo-European/Romance,,,0.88
буссоль,буссоль,1,French,Indo-European/Romance,,,0.88
бутик,бутик,1,French,Indo-European/Romance,,,0.88
бутон,бутон,1,French,Indo-European/Romance,,,0.88
бутылка,бутылка,1,French,Indo-European/Romance,,,0.88
бутыль,бутыль,1,French,Indo-European/Romance,,,0.88
бцж,бцж,1,French,Indo-European/Romance,,,0.88
бювар,бювар,1,French,Indo-European/Romance,,,0.88
бюллетень,бюллетень,1,French,Indo-European/Romance,,,0.88
бюро,бюро,1,French,Indo-European/Romance,,,0.88
бюрократ,бюрократ,1,French,Indo-European/Romance,,,0.88
бюрократия,бюрократия,1,French,Indo-European/Romance,,,0.88
бюст,бюст,1,French,Indo-European/Romance,,,0.88
ва-банк,ва-банк,1,French,Indo-European/Romance,,,0.88
ваза,ваза,1,French,Indo-European/Romance,,,0.88
вакансия,вакансия,1,French,Indo-European/Romance,,,0.88
вакантный,вакантный,1,French,Indo-European/Romance,,,0.88
вакцинировать,вакцинировать,1,French,Indo-European/Romance,,,0.88
валет,валет,1,French,Indo-European/Romance,,,0.88
валидол,валидол,1,French,Indo-European/Romance,,,0.88
вальс,вальс,1,French,Indo-European/Romance,,,0.88
вампир,вампир,1,French,Indo-European/Romance,,,0.88
вандализм,вандализм,1,French,Indo-European/Romance,,,0.88
вантуз,вантуз,1,French,Indo-European/Romance,,,0.88
варан,варан,1,French,Indo-European/Romance,,,0.88
вариант,вариант,1,French,Indo-European/Romance,,,0.88
варьете,варьете,1,French,Indo-European/Romance,,,0.88
абазия,абазия,1,German,Indo-European/Germanic,,,0.88
абвер,абвер,1,German,Indo-European/Germanic,,,0.88
абзетцер,абзетцер,1,German,Indo-European/Germanic,,,0.88
абитуриент,абитуриент,1,German,Indo-European/Germanic,,,0.88
аблаут,аблаут,1,German,Indo-European/Germanic,,,0.88
абонент,абонент,1,German,Indo-European/Germanic,,,0.88
абортцанг,абортцанга,1,German,Indo-European/Germanic,,,0.88
абрис,абрис,1,German,Indo-European/Germanic,,,0.88
авиаматка,авиаматка,1,German,Indo-European/Germanic,,,0.88
авто,авто,1,German,Indo-European/Germanic,,,0.88
автобан,автобан,1,German,Indo-European/Germanic,,,0.88
автозавод,автозавод,1,German,Indo-European/Germanic,,,0.88
автопарк,автопарк,1,German,Indo-European/Germanic,,,0.88
автопокрышка,автопокрышка,1,German,Indo-European/Germanic,,,0.88
авторитет,авторитет,1,German,Indo-European/Germanic,,,0.88
адвокат,адвокат,1,German,Indo-European/Germanic,,,0.88
администратор,администратор,1,German,Indo-European/Germanic,,,0.88
адресат,адресат,1,German,Indo-European/Germanic,,,0.88
азотосодержащий,азотосодержать,1,German,Indo-European/Germanic,,,0.88
айгнер,айгнер,1,German,Indo-European/Germanic,,,0.88
айсберг,айсберг,1,German,Indo-European/Germanic,,,0.88
акация,акация,1,German,Indo-European/Germanic,,,0.88
аквамарин,аквамарин,1,German,Indo-European/Germanic,,,0.88
аккуратный,аккуратный,1,German,Indo-European/Germanic,,,0.88
акцессия,акцессия,1,German,Indo-European/Germanic,,,0.88
акция,акция,1,German,Indo-European/Germanic,,,0.88
аллергия,аллергия,1,German,Indo-European/Germanic,,,0.88
альбац,альбац,1,German,Indo-European/Germanic,,,0.88
альфа-лучи,альфа-луч,1,German,Indo-European/Germanic,,,0.88
альфа-частица,альфа-частица,1,German,Indo-European/Germanic,,,0.88
амбивалентный,амбивалентный,1,German,Indo-European/Germanic,,,0.88
ампер-виток,ампер-виток,1,German,Indo-European/Germanic,,,0.88
ампутировать,ампутировать,1,German,Indo-European/Germanic,,,0.88
англицизм,англицизм,1,German,Indo-European/Germanic,,,0.88
анкер,анкер,1,German,Indo-European/Germanic,,,0.88
анлаут,анлаут,1,German,Indo-European/Germanic,,,0.88
антиквар,антиквар,1,German,Indo-European/Germanic,,,0.88
антропогенный,антропогенный,1,German,Indo-European/Germanic,,,0.88
аншлаг,аншлаг,1,German,Indo-European/Germanic,,,0.88
аншлюс,аншлюс,1,German,Indo-European/Germanic,,,0.88
апеллировать,апеллировать,1,German,Indo-European/Germanic,,,0.88
апробировать,апробировать,1,German,Indo-European/Germanic,,,0.88
аргументировать,аргументировать,1,German,Indo-European/Germanic,,,0.88
артефакт,артефакт,1,German,Indo-European/Germanic,,,0.88
артикул,артикул,1,German,Indo-European/Germanic,,,0.88
артиллерист,артиллерист,1,German,Indo-European/Germanic,,,0.88
арфа,арфа,1,German,Indo-European/Germanic,,,0.88
архитектура,архитектура,1,German,Indo-European/Germanic,,,0.88
асиндетон,асиндетон,1,German,Indo-European/Germanic,,,0.88
аспирин,аспирин,1,German,Indo-European/Germanic,,,0.88
ассоциативный,ассоциативный,1,German,Indo-European/Germanic,,,0.88
ассоциировать,ассоциировать,1,German,Indo-European/Germanic,,,0.88
аусвайс,аусвайс,1,German,Indo-European/Germanic,,,0.88
аутизм,аутизм,1,German,Indo-European/Germanic,,,0.88
ауфидерзейн,ауфидерзейн,1,German,Indo-European/Germanic,,,0.88
аушвиц,аушвиц,1,German,Indo-European/Germanic,,,0.88
аффективный,аффективный,1,German,Indo-European/Germanic,,,0.88
баден-вюртемберг,баден-вюртемберг,1,German,Indo-European/Germanic,,,0.88
базировать,базировать,1,German,Indo-European/Germanic,,,0.88
бакенбарда,бакенбарда,1,German,Indo-European/Germanic,,,0.88
балансировать,балансировать,1,German,Indo-European/Germanic,,,0.88
балтийский,балтийский,1,German,Indo-European/Germanic,,,0.88
бальзам,бальзам,1,German,Indo-European/Germanic,,,0.88
банкир,банкир,1,German,Indo-European/Germanic,,,0.88
банкрот,банкрот,1,German,Indo-European/Germanic,,,0.88
бант,бант,1,German,Indo-European/Germanic,,,0.88
бастард,бастард,1,German,Indo-European/Germanic,,,0.88
баттенберг,баттенберг,1,German,Indo-European/Germanic,,,0.88
баутцен,баутцена,1,German,Indo-European/Germanic,,,0.88
бах,бах,1,German,Indo-European/Germanic,,,0.88
бациллоноситель,бациллоноситель,1,German,Indo-European/Germanic,,,0.88
бегемот,бегемот,1,German,Indo-European/Germanic,,,0.88
бедекер,бедекер,1,German,Indo-European/Germanic,,,0.88
безвкусие,безвкусие,1,German,Indo-European/Germanic,,,0.88
безосновательный,безосновательный,1,German,Indo-European/Germanic,,,0.88
безработица,безработица,1,German,Indo-European/Germanic,,,0.88
безыдейный,безыдейный,1,German,Indo-European/Germanic,,,0.88
беллетрист,беллетрист,1,German,Indo-European/Germanic,,,0.88
белоснежный,белоснежный,1,German,Indo-European/Germanic,,,0.88
белошвейка,белошвейка,1,German,Indo-European/Germanic,,,0.88
бензель,бензель,1,German,Indo-European/Germanic,,,0.88
бензин,бензин,1,German,Indo-European/Germanic,,,0.88
берлин,берлин,1,German,Indo-European/Germanic,,,0.88
берн,берн,1,German,Indo-European/Germanic,,,0.88
бесклассовый,бесклассовый,1,German,Indo-European/Germanic,,,0.88
беспартийный,беспартийный,1,German,Indo-European/Germanic,,,0.88
беспозвоночный,беспозвоночный,1,German,Indo-European/Germanic,,,0.88
беспочвенный,беспочвенный,1,German,Indo-European/Germanic,,,0.88
бесправие,бесправие,1,German,Indo-European/Germanic,,,0.88
бесправный,бесправный,1,German,Indo-European/Germanic,,,0.88
беспринципный,беспринципный,1,German,Indo-European/Germanic,,,0.88
бессистемный,бессистемный,1,German,Indo-European/Germanic,,,0.88
бессодержательный,бессодержательный,1,German,Indo-European/Germanic,,,0.88
бессознательный,бессознательный,1,German,Indo-European/Germanic,,,0.88
бетонировать,бетонировать,1,German,Indo-European/Germanic,,,0.88
бетономешалка,бетономешалка,1,German,Indo-European/Germanic,,,0.88
бетховен,бетховен,1,German,Indo-European/Germanic,,,0.88
бинт,бинт,1,German,Indo-European/Germanic,,,0.88
биржа,биржа,1,German,Indo-European/Germanic,,,0.88
благозвучие,благозвучие,1,German,Indo-European/Germanic,,,0.88
благозвучный,благозвучный,1,German,Indo-European/Germanic,,,0.88
благомыслящий,благомыслящий,1,German,Indo-European/Germanic,,,0.88
близлежащий,близлежащий,1,German,Indo-European/Germanic,,,0.88
блиц,блиц,1,German,Indo-European/Germanic,,,0.88
блицкриг,блицкриг,1,German,Indo-European/Germanic,,,0.88
блокада,блокада,1,German,Indo-European/Germanic,,,0.88
блокфлейта,блокфлейта,1,German,Indo-European/Germanic,,,0.88
боеготовность,боеготовность,1,German,Indo-European/Germanic,,,0.88
боеспособность,боеспособность,1,German,Indo-European/Germanic,,,0.88
боеспособный,боеспособный,1,German,Indo-European/Germanic,,,0.88
болеутоляющий,болеутоляющий,1,German,Indo-European/Germanic,,,0.88
болторезный,болторезный,1,German,Indo-European/Germanic,,,0.88
бомба,бомба,1,German,Indo-European/Germanic,,,0.88
бомбомёт,бомбомёт,1,German,Indo-European/Germanic,,,0.88
бормашина,бормашина,1,German,Indo-European/Germanic,,,0.88
борт,борт,1,German,Indo-European/Germanic,,,0.88
бранденбург,бранденбург,1,German,Indo-European/Germanic,,,0.88
брандер,брандер,1,German,Indo-European/Germanic,,,0.88
бригада,бригада,1,German,Indo-European/Germanic,,,0.88
бригадир,бригадир,1,German,Indo-European/Germanic,,,0.88
брокат,брокат,1,German,Indo-European/Germanic,,,0.88
бронеавтомобиль,бронеавтомобиль,1,German,Indo-European/Germanic,,,0.88
бронебашня,бронебашня,1,German,Indo-European/Germanic,,,0.88
бронебойный,бронебойный,1,German,Indo-European/Germanic,,,0.88
бронепоезд,бронепоезд,1,German,Indo-European/Germanic,,,0.88
бронесилы,бронесила,1,German,Indo-European/Germanic,,,0.88
брудершафт,брудершафт,1,German,Indo-European/Germanic,,,0.88
бруствер,бруствер,1,German,Indo-European/Germanic,,,0.88
бугель,бугель,1,German,Indo-European/Germanic,,,0.88
буксир,буксир,1,German,Indo-European/Germanic,,,0.88
бумагопрядильня,бумагопрядильня,1,German,Indo-European/Germanic,,,0.88
бунт,бунт,1,German,Indo-European/Germanic,,,0.88
бурелом,бурелом,1,German,Indo-European/Germanic,,,0.88
бушлат,бушлат,1,German,Indo-European/Germanic,,,0.88
бюстгальтер,бюстгальтер,1,German,Indo-European/Germanic,,,0.88
вагинальный,вагинальный,1,German,Indo-European/Germanic,,,0.88
вакса,вакса,1,German,Indo-European/Germanic,,,0.88
валах,валах,1,German,Indo-European/Germanic,,,0.88
валторна,валторна,1,German,Indo-European/Germanic,,,0.88
вальдшнеп,вальдшнеп,1,German,Indo-European/Germanic,,,0.88
ванна,ванна,1,German,Indo-European/Germanic,,,0.88
васисдас,васисдас,1,German,Indo-European/Germanic,,,0.88
вата,вата,1,German,Indo-European/Germanic,,,0.88
вафля,вафля,1,German,Indo-European/Germanic,,,0.88
вахмистр,вахмистр,1,German,Indo-European/Germanic,,,0.88
вегетативный,вегетативный,1,German,Indo-European/Germanic,,,0.88
вексель,вексель,1,German,Indo-European/Germanic,,,0.88
вербовать,вербовать,1,German,Indo-European/Germanic,,,0.88
вергельд,вергельд,1,German,Indo-European/Germanic,,,0.88
вермахт,вермахт,1,German,Indo-European/Germanic,,,0.88
вермут,вермут,1,German,Indo-European/Germanic,,,0.88
вероломный,вероломный,1,German,Indo-European/Germanic,,,0.88
верстак,верстак,1,German,Indo-European/Germanic,,,0.88
вертишейка,вертишейка,1,German,Indo-European/Germanic,,,0.88
верхнелужицкий,верхнелужицкий,1,German,Indo-European/Germanic,,,0.88
верхненемецкий,верхненемецкий,1,German,Indo-European/Germanic,,,0.88
ветродвигатель,ветродвигатель,1,German,Indo-European/Germanic,,,0.88
ветросиловой,ветросиловой,1,German,Indo-European/Germanic,,,0.88
ветроуказатель,ветроуказатель,1,German,Indo-European/Germanic,,,0.88
вечнозелёный,вечнозелёный,1,German,Indo-European/Germanic,,,0.88
взаимодействие,взаимодействие,1,German,Indo-European/Germanic,,,0.88
видеотекст,видеотекст,1,German,Indo-European/Germanic,,,0.88
визир,визир,1,German,Indo-European/Germanic,,,0.88
винкель,винкель,1,German,Indo-European/Germanic,,,0.88
винно-красный,винно-красный,1,German,Indo-European/Germanic,,,0.88
винт,винт,1,German,Indo-European/Germanic,,,0.88
винторезный,винторезный,1,German,Indo-European/Germanic,,,0.88
вирус,вирус,1,German,Indo-European/Germanic,,,0.88
включать,включать,1,German,Indo-European/Germanic,,,0.88
включить,включить,1,German,Indo-European/Germanic,,,0.88
вкрапление,вкрапление,1,German,Indo-European/Germanic,,,0.88
вмешательство,вмешательство,1,German,Indo-European/Germanic,,,0.88
внеочередной,внеочередной,1,German,Indo-European/Germanic,,,0.88
внутриатомный,внутриатомный,1,German,Indo-European/Germanic,,,0.88
внутрисекреторный,внутрисекреторный,1,German,Indo-European/Germanic,,,0.88
водоизмещение,водоизмещение,1,German,Indo-European/Germanic,,,0.88
вольнодумец,вольнодумец,1,German,Indo-European/Germanic,,,0.88
вольфрам,вольфрам,1,German,Indo-European/Germanic,,,0.88
волюнтаризм,волюнтаризм,1,German,Indo-European/Germanic,,,0.88
воображение,воображение,1,German,Indo-European/Germanic,,,0.88
вообразить,вообразить,1,German,Indo-European/Germanic,,,0.88
впечатление,впечатление,1,German,Indo-European/Germanic,,,0.88
вратарь,вратарь,1,German,Indo-European/Germanic,,,0.88
вундервафля,вундервафля,1,German,Indo-European/Germanic,,,0.88
вы,вы,1,German,Indo-European/Germanic,,,0.88
выглядеть,выглядеть,1,German,Indo-European/Germanic,,,0.88
гамбург,гамбург,1,German,Indo-European/Germanic,,,0.88
гантель,гантель,1,German,Indo-European/Germanic,,,0.88
гармонизировать,гармонизировать,1,German,Indo-European/Germanic,,,0.88
гарнизон,гарнизон,1,German,Indo-European/Germanic,,,0.88
гарпун,гарпун,1,German,Indo-European/Germanic,,,0.88
гастарбайтер,гастарбайтер,1,German,Indo-European/Germanic,,,0.88
гастроль,гастроль,1,German,Indo-European/Germanic,,,0.88
гаубица,гаубица,1,German,Indo-European/Germanic,,,0.88
гауляйтер,гауляйтер,1,German,Indo-European/Germanic,,,0.88
гауптвахта,гауптвахта,1,German,Indo-European/Germanic,,,0.88
гаштет,гаштета,1,German,Indo-European/Germanic,,,0.88
гейдельберг,гейдельберг,1,German,Indo-European/Germanic,,,0.88
гейзенберг,гейзенберг,1,German,Indo-European/Germanic,,,0.88
гелендваген,гелендваген,1,German,Indo-European/Germanic,,,0.88
гелиотроп,гелиотроп,1,German,Indo-European/Germanic,,,0.88
гель,гель,1,German,Indo-European/Germanic,,,0.88
генерал-бас,генерал-бас,1,German,Indo-European/Germanic,,,0.88
генерал-лейтенант,генерал-лейтенант,1,German,Indo-European/Germanic,,,0.88
генералитет,генералитет,1,German,Indo-European/Germanic,,,0.88
генерировать,генерировать,1,German,Indo-European/Germanic,,,0.88
гений,гений,1,German,Indo-European/Germanic,,,0.88
генрих,генрих,1,German,Indo-European/Germanic,,,0.88
георгин,георгин,1,German,Indo-European/Germanic,,,0.88
герр,герр,1,German,Indo-European/Germanic,,,0.88
герц,герц,1,German,Indo-European/Germanic,,,0.88
герцевый,герцевыя,1,German,Indo-European/Germanic,,,0.88
герцен,герцен,1,German,Indo-European/Germanic,,,0.88
герцовый,герцовыя,1,German,Indo-European/Germanic,,,0.88
герцог,герцог,1,German,Indo-European/Germanic,,,0.88
герцогиня,герцогиня,1,German,Indo-European/Germanic,,,0.88
гестапо,гестапо,1,German,Indo-European/Germanic,,,0.88
гетерогенный,гетерогенный,1,German,Indo-European/Germanic,,,0.88
гильдия,гильдия,1,German,Indo-European/Germanic,,,0.88
гильза,гильза,1,German,Indo-European/Germanic,,,0.88
гипертония,гипертония,1,German,Indo-European/Germanic,,,0.88
гипнотизёр,гипнотизёр,1,German,Indo-European/Germanic,,,0.88
гитлер,гитлер,1,German,Indo-European/Germanic,,,0.88
глазурь,глазурь,1,German,Indo-European/Germanic,,,0.88
глицерин,глицерин,1,German,Indo-European/Germanic,,,0.88
глянец,глянец,1,German,Indo-European/Germanic,,,0.88
гогенцоллерн,гогенцоллерна,1,German,Indo-European/Germanic,,,0.88
голдшмидт,голдшмидт,1,German,Indo-European/Germanic,,,0.88
гольдштейн,гольдштейн,1,German,Indo-European/Germanic,,,0.88
гонорар,гонорар,1,German,Indo-European/Germanic,,,0.88
горн,горн,1,German,Indo-European/Germanic,,,0.88
госпитализировать,госпитализировать,1,German,Indo-European/Germanic,,,0.88
готика,готика,1,German,Indo-European/Germanic,,,0.88
грабарь,грабарь,1,German,Indo-European/Germanic,,,0.88
грабен,грабен,1,German,Indo-European/Germanic,,,0.88
гравировать,гравировать,1,German,Indo-European/Germanic,,,0.88
градирня,градирня,1,German,Indo-European/Germanic,,,0.88
гранат,гранат,1,German,Indo-European/Germanic,,,0.88
грандиозный,грандиозный,1,German,Indo-European/Germanic,,,0.88
гримаса,гримаса,1,German,Indo-European/Germanic,,,0.88
гриппозный,гриппозный,1,German,Indo-European/Germanic,,,0.88
гриф,гриф,1,German,Indo-European/Germanic,,,0.88
грифель,грифель,1,German,Indo-European/Germanic,,,0.88
гроссбух,гроссбух,1,German,Indo-European/Germanic,,,0.88
грош,грош,1,German,Indo-European/Germanic,,,0.88
грубиян,грубиян,1,German,Indo-European/Germanic,,,0.88
грунт,грунт,1,German,Indo-European/Germanic,,,0.88
группа,группа,1,German,Indo-European/Germanic,,,0.88
гуморальный,гуморальный,1,German,Indo-European/Germanic,,,0.88
гунн,гунн,1,German,Indo-European/Germanic,,,0.88
гурт,гурт,1,German,Indo-European/Germanic,,,0.88
данциг,данциг,1,German,Indo-European/Germanic,,,0.88
дебютировать,дебютировать,1,German,Indo-European/Germanic,,,0.88
девальвация,девальвация,1,German,Indo-European/Germanic,,,0.88
дегенерировать,дегенерировать,1,German,Indo-European/Germanic,,,0.88
дегустировать,дегустировать,1,German,Indo-European/Germanic,,,0.88
дезавуировать,дезавуировать,1,German,Indo-European/Germanic,,,0.88
дезертир,дезертир,1,German,Indo-European/Germanic,,,0.88
дезертировать,дезертировать,1,German,Indo-European/Germanic,,,0.88
дезинфицировать,дезинфицировать,1,German,Indo-European/Germanic,,,0.88
декан,декан,1,German,Indo-European/Germanic,,,0.88
деканат,деканат,1,German,Indo-European/Germanic,,,0.88
декель,декель,1,German,Indo-European/Germanic,,,0.88
декорировать,декорировать,1,German,Indo-European/Germanic,,,0.88
дексель,дексель,1,German,Indo-European/Germanic,,,0.88
деликатный,деликатный,1,German,Indo-European/Germanic,,,0.88
дельфин,дельфин,1,German,Indo-European/Germanic,,,0.88
демонизировать,демонизировать,1,German,Indo-European/Germanic,,,0.88
демонстрировать,демонстрировать,1,German,Indo-European/Germanic,,,0.88
депеша,депеша,1,German,Indo-European/Germanic,,,0.88
депрессивный,депрессивный,1,German,Indo-European/Germanic,,,0.88
деструктивный,деструктивный,1,German,Indo-European/Germanic,,,0.88
детализировать,детализировать,1,German,Indo-European/Germanic,,,0.88
дефис,дефис,1,German,Indo-European/Germanic,,,0.88
дешифрировать,дешифрировать,1,German,Indo-European/Germanic,,,0.88
дешифровать,дешифровать,1,German,Indo-European/Germanic,,,0.88
диалектика,диалектика,1,German,Indo-European/Germanic,,,0.88
диверсификация,диверсификация,1,German,Indo-European/Germanic,,,0.88
дивизион,дивизион,1,German,Indo-European/Germanic,,,0.88
дизель,дизель,1,German,Indo-European/Germanic,,,0.88
дизентерия,дизентерия,1,German,Indo-European/Germanic,,,0.88
дилетант,дилетант,1,German,Indo-European/Germanic,,,0.88
династия,династия,1,German,Indo-European/Germanic,,,0.88
директор,директор,1,German,Indo-European/Germanic,,,0.88
дисгармония,дисгармония,1,German,Indo-European/Germanic,,,0.88
дисквалификация,дисквалификация,1,German,Indo-European/Germanic,,,0.88
дисквалифицировать,дисквалифицировать,1,German,Indo-European/Germanic,,,0.88
аам,аам,1,Greek/Latin,Indo-European/Classical,,,0.88
абака,абака,1,Greek/Latin,Indo-European/Classical,,,0.88
абакумыч,абакумович,1,Greek/Latin,Indo-European/Classical,,,0.88
абатон,абатон,1,Greek/Latin,Indo-European/Classical,,,0.88
аббат,аббат,1,Greek/Latin,Indo-European/Classical,,,0.88
абдерит,абдерита,1,Greek/Latin,Indo-European/Classical,,,0.88
абидос,абидос,1,Greek/Latin,Indo-European/Classical,,,0.88
абрикос,абрикос,1,Greek/Latin,Indo-European/Classical,,,0.88
абсида,абсида,1,Greek/Latin,Indo-European/Classical,,,0.88
абулия,абулия,1,Greek/Latin,Indo-European/Classical,,,0.88
авдотья,авдотья,1,Greek/Latin,Indo-European/Classical,,,0.88
авель,авель,1,Greek/Latin,Indo-European/Classical,,,0.88
авлида,авлида,1,Greek/Latin,Indo-European/Classical,,,0.88
автаркия,автаркия,1,Greek/Latin,Indo-European/Classical,,,0.88
авто-,авто-,1,Greek/Latin,Indo-European/Classical,,,0.88
автобиография,автобиография,1,Greek/Latin,Indo-European/Classical,,,0.88
автограф,автограф,1,Greek/Latin,Indo-European/Classical,,,0.88
автономия,автономия,1,Greek/Latin,Indo-European/Classical,,,0.88
агамемнон,агамемнон,1,Greek/Latin,Indo-European/Classical,,,0.88
агата,агата,1,Greek/Latin,Indo-European/Classical,,,0.88
аглая,аглая,1,Greek/Latin,Indo-European/Classical,,,0.88
агония,агония,1,Greek/Latin,Indo-European/Classical,,,0.88
ад,ад,1,Greek/Latin,Indo-European/Classical,,,0.88
адонис,адонис,1,Greek/Latin,Indo-European/Classical,,,0.88
азбука,азбука,1,Greek/Latin,Indo-European/Classical,,,0.88
акафист,акафист,1,Greek/Latin,Indo-European/Classical,,,0.88
акет,акета,1,Greek/Latin,Indo-European/Classical,,,0.88
акмеизм,акмеизм,1,Greek/Latin,Indo-European/Classical,,,0.88
акойт,акойт,1,Greek/Latin,Indo-European/Classical,,,0.88
акрида,акрид,1,Greek/Latin,Indo-European/Classical,,,0.88
акробат,акробат,1,Greek/Latin,Indo-European/Classical,,,0.88
акростих,акростих,1,Greek/Latin,Indo-European/Classical,,,0.88
аксамит,аксамит,1,Greek/Latin,Indo-European/Classical,,,0.88
аксинья,аксинья,1,Greek/Latin,Indo-European/Classical,,,0.88
аксон,аксон,1,Greek/Latin,Indo-European/Classical,,,0.88
александр,александр,1,Greek/Latin,Indo-European/Classical,,,0.88
алексей,алексей,1,Greek/Latin,Indo-European/Classical,,,0.88
алла,алла,1,Greek/Latin,Indo-European/Classical,,,0.88
аллегория,аллегория,1,Greek/Latin,Indo-European/Classical,,,0.88
аллилуйя,аллилуйя,1,Greek/Latin,Indo-European/Classical,,,0.88
алоэ,алоэ,1,Greek/Latin,Indo-European/Classical,,,0.88
амазонка,амазонка,1,Greek/Latin,Indo-European/Classical,,,0.88
амблиопия,амблиопия,1,Greek/Latin,Indo-European/Classical,,,0.88
амвон,амвон,1,Greek/Latin,Indo-European/Classical,,,0.88
аметист,аметист,1,Greek/Latin,Indo-European/Classical,,,0.88
амнезия,амнезия,1,Greek/Latin,Indo-European/Classical,,,0.88
амфитрион,амфитрион,1,Greek/Latin,Indo-European/Classical,,,0.88
анабасис,анабасис,1,Greek/Latin,Indo-European/Classical,,,0.88
аналог,аналог,1,Greek/Latin,Indo-European/Classical,,,0.88
аналогия,аналогия,1,Greek/Latin,Indo-European/Classical,,,0.88
анапест,анапест,1,Greek/Latin,Indo-European/Classical,,,0.88
анархия,анархия,1,Greek/Latin,Indo-European/Classical,,,0.88
анастасия,анастасия,1,Greek/Latin,Indo-European/Classical,,,0.88
анатолий,анатолий,1,Greek/Latin,Indo-European/Classical,,,0.88
анатомия,анатомия,1,Greek/Latin,Indo-European/Classical,,,0.88
анафема,анафема,1,Greek/Latin,Indo-European/Classical,,,0.88
ангел,ангел,1,Greek/Latin,Indo-European/Classical,,,0.88
ангелина,ангелина,1,Greek/Latin,Indo-European/Classical,,,0.88
андрей,андрей,1,Greek/Latin,Indo-European/Classical,,,0.88
анис,анис,1,Greek/Latin,Indo-European/Classical,,,0.88
аномалия,аномалия,1,Greek/Latin,Indo-European/Classical,,,0.88
анталья,анталья,1,Greek/Latin,Indo-European/Classical,,,0.88
анти-,анти-,1,Greek/Latin,Indo-European/Classical,,,0.88
антидот,антидот,1,Greek/Latin,Indo-European/Classical,,,0.88
антиметабола,антиметабола,1,Greek/Latin,Indo-European/Classical,,,0.88
антиохия,антиохия,1,Greek/Latin,Indo-European/Classical,,,0.88
антипатия,антипатия,1,Greek/Latin,Indo-European/Classical,,,0.88
антихрист,антихрист,1,Greek/Latin,Indo-European/Classical,,,0.88
анубис,анубис,1,Greek/Latin,Indo-European/Classical,,,0.88
анфиса,анфиса,1,Greek/Latin,Indo-European/Classical,,,0.88
анчоус,анчоус,1,Greek/Latin,Indo-European/Classical,,,0.88
аорист,аорист,1,Greek/Latin,Indo-European/Classical,,,0.88
аорта,аорта,1,Greek/Latin,Indo-European/Classical,,,0.88
апатия,апатия,1,Greek/Latin,Indo-European/Classical,,,0.88
апокалипсис,апокалипсис,1,Greek/Latin,Indo-European/Classical,,,0.88
апокриф,апокриф,1,Greek/Latin,Indo-European/Classical,,,0.88
апология,апология,1,Greek/Latin,Indo-European/Classical,,,0.88
апостол,апостол,1,Greek/Latin,Indo-European/Classical,,,0.88
апофеоз,апофеоз,1,Greek/Latin,Indo-European/Classical,,,0.88
апофиз,апофиз,1,Greek/Latin,Indo-European/Classical,,,0.88
апрель,апрель,1,Greek/Latin,Indo-European/Classical,,,0.88
апсида,апсида,1,Greek/Latin,Indo-European/Classical,,,0.88
аравия,аравия,1,Greek/Latin,Indo-European/Classical,,,0.88
арахис,арахис,1,Greek/Latin,Indo-European/Classical,,,0.88
аргон,аргон,1,Greek/Latin,Indo-European/Classical,,,0.88
аред,аред,1,Greek/Latin,Indo-European/Classical,,,0.88
аристократия,аристократия,1,Greek/Latin,Indo-European/Classical,,,0.88
аристотель,аристотель,1,Greek/Latin,Indo-European/Classical,,,0.88
аритмия,аритмия,1,Greek/Latin,Indo-European/Classical,,,0.88
аркадий,аркадий,1,Greek/Latin,Indo-European/Classical,,,0.88
армения,армения,1,Greek/Latin,Indo-European/Classical,,,0.88
армянин,армянин,1,Greek/Latin,Indo-European/Classical,,,0.88
аромат,аромат,1,Greek/Latin,Indo-European/Classical,,,0.88
ароматерапия,ароматерапия,1,Greek/Latin,Indo-European/Classical,,,0.88
артём,артём,1,Greek/Latin,Indo-European/Classical,,,0.88
архангел,архангел,1,Greek/Latin,Indo-European/Classical,,,0.88
архи-,архи-,1,Greek/Latin,Indo-European/Classical,,,0.88
архидьякон,архидьякон,1,Greek/Latin,Indo-European/Classical,,,0.88
архиепископ,архиепископ,1,Greek/Latin,Indo-European/Classical,,,0.88
архиерей,архиерей,1,Greek/Latin,Indo-European/Classical,,,0.88
архимед,архимед,1,Greek/Latin,Indo-European/Classical,,,0.88
архипелаг,архипелаг,1,Greek/Latin,Indo-European/Classical,,,0.88
архисинагог,архисинагога,1,Greek/Latin,Indo-European/Classical,,,0.88
архистратиг,архистратиг,1,Greek/Latin,Indo-European/Classical,,,0.88
архитрав,архитрав,1,Greek/Latin,Indo-European/Classical,,,0.88
архонт,архонт,1,Greek/Latin,Indo-European/Classical,,,0.88
арцибискуп,арцибискуп,1,Greek/Latin,Indo-European/Classical,,,0.88
асимметрия,асимметрия,1,Greek/Latin,Indo-European/Classical,,,0.88
аскет,аскет,1,Greek/Latin,Indo-European/Classical,,,0.88
аспид,аспид,1,Greek/Latin,Indo-European/Classical,,,0.88
астериск,астериск,1,Greek/Latin,Indo-European/Classical,,,0.88
атеист,атеист,1,Greek/Latin,Indo-European/Classical,,,0.88
атлантида,атлантида,1,Greek/Latin,Indo-European/Classical,,,0.88
атлас,атлас,1,Greek/Latin,Indo-European/Classical,,,0.88
атония,атония,1,Greek/Latin,Indo-European/Classical,,,0.88
атрофия,атрофия,1,Greek/Latin,Indo-European/Classical,,,0.88
атталия,атталия,1,Greek/Latin,Indo-European/Classical,,,0.88
аттик,аттик,1,Greek/Latin,Indo-European/Classical,,,0.88
афалина,афалина,1,Greek/Latin,Indo-European/Classical,,,0.88
афанасий,афанасий,1,Greek/Latin,Indo-European/Classical,,,0.88
афины,афины,1,Greek/Latin,Indo-European/Classical,,,0.88
афродита,афродита,1,Greek/Latin,Indo-European/Classical,,,0.88
ахерон,ахерон,1,Greek/Latin,Indo-European/Classical,,,0.88
базальт,базальт,1,Greek/Latin,Indo-European/Classical,,,0.88
базилика,базилика,1,Greek/Latin,Indo-European/Classical,,,0.88
баня,баня,1,Greek/Latin,Indo-European/Classical,,,0.88
барка,барка,1,Greek/Latin,Indo-European/Classical,,,0.88
баснословный,баснословный,1,Greek/Latin,Indo-European/Classical,,,0.88
батиметрия,батиметрия,1,Greek/Latin,Indo-European/Classical,,,0.88
батискаф,батискаф,1,Greek/Latin,Indo-European/Classical,,,0.88
безбожный,безбожный,1,Greek/Latin,Indo-European/Classical,,,0.88
безволие,безволие,1,Greek/Latin,Indo-European/Classical,,,0.88
беззубка,беззубка,1,Greek/Latin,Indo-European/Classical,,,0.88
безумие,безумие,1,Greek/Latin,Indo-European/Classical,,,0.88
белемнит,белемнит,1,Greek/Latin,Indo-European/Classical,,,0.88
белокровие,белокровие,1,Greek/Latin,Indo-European/Classical,,,0.88
бербер,бербер,1,Greek/Latin,Indo-European/Classical,,,0.88
берилл,берилл,1,Greek/Latin,Indo-European/Classical,,,0.88
-бес,-бес,1,Greek/Latin,Indo-European/Classical,,,0.88
-бесие,-бесие,1,Greek/Latin,Indo-European/Classical,,,0.88
бессоюзие,бессоюзие,1,Greek/Latin,Indo-European/Classical,,,0.88
бессребреник,бессребреник,1,Greek/Latin,Indo-European/Classical,,,0.88
бискуп,бискуп,1,Greek/Latin,Indo-European/Classical,,,0.88
благо-,благо-,1,Greek/Latin,Indo-European/Classical,,,0.88
благодушие,благодушие,1,Greek/Latin,Indo-European/Classical,,,0.88
благословить,благословить,1,Greek/Latin,Indo-European/Classical,,,0.88
благоухание,благоухание,1,Greek/Latin,Indo-European/Classical,,,0.88
благоухать,благоухать,1,Greek/Latin,Indo-European/Classical,,,0.88
благочестивый,благочестивый,1,Greek/Latin,Indo-European/Classical,,,0.88
благочестие,благочестие,1,Greek/Latin,Indo-European/Classical,,,0.88
богоносец,богоносец,1,Greek/Latin,Indo-European/Classical,,,0.88
богословие,богословие,1,Greek/Latin,Indo-European/Classical,,,0.88
боготворить,боготворить,1,Greek/Latin,Indo-European/Classical,,,0.88
божество,божество,1,Greek/Latin,Indo-European/Classical,,,0.88
бронх,бронх,1,Greek/Latin,Indo-European/Classical,,,0.88
бустрофедон,бустрофедон,1,Greek/Latin,Indo-European/Classical,,,0.88
бустрофедонически,бустрофедонически,1,Greek/Latin,Indo-European/Classical,,,0.88
бустрофедонический,бустрофедонический,1,Greek/Latin,Indo-European/Classical,,,0.88
вакх,вакх,1,Greek/Latin,Indo-European/Classical,,,0.88
варвар,варвар,1,Greek/Latin,Indo-European/Classical,,,0.88
василий,василий,1,Greek/Latin,Indo-European/Classical,,,0.88
василиса,василиса,1,Greek/Latin,Indo-European/Classical,,,0.88
ввергнуть,ввергнуть,1,Greek/Latin,Indo-European/Classical,,,0.88
великомученик,великомученик,1,Greek/Latin,Indo-European/Classical,,,0.88
великороссия,великороссия,1,Greek/Latin,Indo-European/Classical,,,0.88
велодром,велодром,1,Greek/Latin,Indo-European/Classical,,,0.88
вера,вера,1,Greek/Latin,Indo-European/Classical,,,0.88
верблюд,верблюд,1,Greek/Latin,Indo-European/Classical,,,0.88
вероника,вероника,1,Greek/Latin,Indo-European/Classical,,,0.88
византий,византий,1,Greek/Latin,Indo-European/Classical,,,0.88
вифлеем,вифлеем,1,Greek/Latin,Indo-European/Classical,,,0.88
водород,водород,1,Greek/Latin,Indo-European/Classical,,,0.88
восток,восток,1,Greek/Latin,Indo-European/Classical,,,0.88
гадес,гадес,1,Greek/Latin,Indo-European/Classical,,,0.88
газ,газ,1,Greek/Latin,Indo-European/Classical,,,0.88
галактика,галактика,1,Greek/Latin,Indo-European/Classical,,,0.88
галина,галина,1,Greek/Latin,Indo-European/Classical,,,0.88
гамбит,гамбит,1,Greek/Latin,Indo-European/Classical,,,0.88
гангрена,гангрена,1,Greek/Latin,Indo-European/Classical,,,0.88
гармония,гармония,1,Greek/Latin,Indo-European/Classical,,,0.88
геба,геб,1,Greek/Latin,Indo-European/Classical,,,0.88
гегемония,гегемония,1,Greek/Latin,Indo-European/Classical,,,0.88
геенна,геенна,1,Greek/Latin,Indo-European/Classical,,,0.88
геката,гекат,1,Greek/Latin,Indo-European/Classical,,,0.88
гекатомба,гекатомба,1,Greek/Latin,Indo-European/Classical,,,0.88
гектар,гектар,1,Greek/Latin,Indo-European/Classical,,,0.88
гелиамфора,гелиамфора,1,Greek/Latin,Indo-European/Classical,,,0.88
гелий,гелий,1,Greek/Latin,Indo-European/Classical,,,0.88
геморрагия,геморрагия,1,Greek/Latin,Indo-European/Classical,,,0.88
генеалогия,генеалогия,1,Greek/Latin,Indo-European/Classical,,,0.88
генезис,генезис,1,Greek/Latin,Indo-European/Classical,,,0.88
геннадий,геннадий,1,Greek/Latin,Indo-European/Classical,,,0.88
георгий,георгий,1,Greek/Latin,Indo-European/Classical,,,0.88
гера,гера,1,Greek/Latin,Indo-European/Classical,,,0.88
геракл,геракл,1,Greek/Latin,Indo-European/Classical,,,0.88
герасим,герасим,1,Greek/Latin,Indo-European/Classical,,,0.88
гермафродит,гермафродит,1,Greek/Latin,Indo-European/Classical,,,0.88
гермес,гермес,1,Greek/Latin,Indo-European/Classical,,,0.88
героиня,героиня,1,Greek/Latin,Indo-European/Classical,,,0.88
герой,герой,1,Greek/Latin,Indo-European/Classical,,,0.88
гесиод,гесиод,1,Greek/Latin,Indo-European/Classical,,,0.88
гесперорнис,гесперорнис,1,Greek/Latin,Indo-European/Classical,,,0.88
гестия,гестие,1,Greek/Latin,Indo-European/Classical,,,0.88
гефест,гефест,1,Greek/Latin,Indo-European/Classical,,,0.88
гидра,гидра,1,Greek/Latin,Indo-European/Classical,,,0.88
гидравлика,гидравлика,1,Greek/Latin,Indo-European/Classical,,,0.88
гиена,гиена,1,Greek/Latin,Indo-European/Classical,,,0.88
гимн,гимн,1,Greek/Latin,Indo-European/Classical,,,0.88
гимнаст,гимнаст,1,Greek/Latin,Indo-European/Classical,,,0.88
гипер-,гипер-,1,Greek/Latin,Indo-European/Classical,,,0.88
гипербола,гипербола,1,Greek/Latin,Indo-European/Classical,,,0.88
гиперлипидемия,гиперлипидемия,1,Greek/Latin,Indo-European/Classical,,,0.88
гипокауст,гипокауст,1,Greek/Latin,Indo-European/Classical,,,0.88
гипотенуза,гипотенуза,1,Greek/Latin,Indo-European/Classical,,,0.88
гиппопотам,гиппопотам,1,Greek/Latin,Indo-European/Classical,,,0.88
гитара,гитара,1,Greek/Latin,Indo-European/Classical,,,0.88
гликерия,гликерия,1,Greek/Latin,Indo-European/Classical,,,0.88
глиф,глиф,1,Greek/Latin,Indo-European/Classical,,,0.88
глициния,глициния,1,Greek/Latin,Indo-European/Classical,,,0.88
гнозис,гнозис,1,Greek/Latin,Indo-European/Classical,,,0.88
гон,гон,1,Greek/Latin,Indo-European/Classical,,,0.88
гордей,гордей,1,Greek/Latin,Indo-European/Classical,,,0.88
горизонт,горизонт,1,Greek/Latin,Indo-European/Classical,,,0.88
гормон,гормон,1,Greek/Latin,Indo-European/Classical,,,0.88
грамота,грамота,1,Greek/Latin,Indo-European/Classical,,,0.88
греция,греция,1,Greek/Latin,Indo-European/Classical,,,0.88
григорий,григорий,1,Greek/Latin,Indo-European/Classical,,,0.88
губернатор,губернатор,1,Greek/Latin,Indo-European/Classical,,,0.88
дамиан,дамиан,1,Greek/Latin,Indo-European/Classical,,,0.88
дательный,дательный,1,Greek/Latin,Indo-European/Classical,,,0.88
двукрылое,двукрылый,1,Greek/Latin,Indo-European/Classical,,,0.88
дельта,дельта,1,Greek/Latin,Indo-European/Classical,,,0.88
деметра,деметр,1,Greek/Latin,Indo-European/Classical,,,0.88
демография,демография,1,Greek/Latin,Indo-European/Classical,,,0.88
дендрит,дендрит,1,Greek/Latin,Indo-European/Classical,,,0.88
дендрохронология,дендрохронология,1,Greek/Latin,Indo-European/Classical,,,0.88
денис,денис,1,Greek/Latin,Indo-European/Classical,,,0.88
дерматин,дерматин,1,Greek/Latin,Indo-European/Classical,,,0.88
дзета,дзета,1,Greek/Latin,Indo-European/Classical,,,0.88
диагностика,диагностика,1,Greek/Latin,Indo-European/Classical,,,0.88
диаграмма,диаграмма,1,Greek/Latin,Indo-European/Classical,,,0.88
диадема,диадема,1,Greek/Latin,Indo-European/Classical,,,0.88
диакон,диакон,1,Greek/Latin,Indo-European/Classical,,,0.88
диаметр,диаметр,1,Greek/Latin,Indo-European/Classical,,,0.88
диапазон,диапазон,1,Greek/Latin,Indo-European/Classical,,,0.88
диарея,диарея,1,Greek/Latin,Indo-European/Classical,,,0.88
диафрагма,диафрагма,1,Greek/Latin,Indo-European/Classical,,,0.88
дигамма,дигамма,1,Greek/Latin,Indo-European/Classical,,,0.88
дидакт,дидакт,1,Greek/Latin,Indo-European/Classical,,,0.88
диез,диез,1,Greek/Latin,Indo-European/Classical,,,0.88
диканя,диканя,1,Greek/Latin,Indo-European/Classical,,,0.88
дилемма,дилемма,1,Greek/Latin,Indo-European/Classical,,,0.88
динозавр,динозавр,1,Greek/Latin,Indo-European/Classical,,,0.88
диод,диод,1,Greek/Latin,Indo-European/Classical,,,0.88
диодор,диодора,1,Greek/Latin,Indo-European/Classical,,,0.88
дионис,дионис,1,Greek/Latin,Indo-European/Classical,,,0.88
диск,диск,1,Greek/Latin,Indo-European/Classical,,,0.88
дискобол,дискобол,1,Greek/Latin,Indo-European/Classical,,,0.88
дистрофия,дистрофия,1,Greek/Latin,Indo-European/Classical,,,0.88
дисфория,дисфория,1,Greek/Latin,Indo-European/Classical,,,0.88
дифирамб,дифирамб,1,Greek/Latin,Indo-European/Classical,,,0.88
дифтонг,дифтонг,1,Greek/Latin,Indo-European/Classical,,,0.88
днестр,днестр,1,Greek/Latin,Indo-European/Classical,,,0.88
добродетель,добродетель,1,Greek/Latin,Indo-European/Classical,,,0.88
добродушный,добродушный,1,Greek/Latin,Indo-European/Classical,,,0.88
дорофей,дорофей,1,Greek/Latin,Indo-European/Classical,,,0.88
достоверный,достоверный,1,Greek/Latin,Indo-European/Classical,,,0.88
дракон,дракон,1,Greek/Latin,Indo-European/Classical,,,0.88
драма,драма,1,Greek/Latin,Indo-European/Classical,,,0.88
дуля,дуля,1,Greek/Latin,Indo-European/Classical,,,0.88
дыня,дыня,1,Greek/Latin,Indo-European/Classical,,,0.88
дьявол,дьявол,1,Greek/Latin,Indo-European/Classical,,,0.88
дьяк,дьяк,1,Greek/Latin,Indo-European/Classical,,,0.88
дьякон,дьякон,1,Greek/Latin,Indo-European/Classical,,,0.88
ева,ева,1,Greek/Latin,Indo-European/Classical,,,0.88
евангелие,евангелие,1,Greek/Latin,Indo-European/Classical,,,0.88
евдоким,евдоким,1,Greek/Latin,Indo-European/Classical,,,0.88
евдокия,евдокия,1,Greek/Latin,Indo-European/Classical,,,0.88
евнух,евнух,1,Greek/Latin,Indo-European/Classical,,,0.88
еврей,еврей,1,Greek/Latin,Indo-European/Classical,,,0.88
европа,европа,1,Greek/Latin,Indo-European/Classical,,,0.88
евсей,евсей,1,Greek/Latin,Indo-European/Classical,,,0.88
египет,египет,1,Greek/Latin,Indo-European/Classical,,,0.88
екатерина,екатерина,1,Greek/Latin,Indo-European/Classical,,,0.88
ектенья,ектенья,1,Greek/Latin,Indo-European/Classical,,,0.88
елена,елена,1,Greek/Latin,Indo-European/Classical,,,0.88
елизавета,елизавета,1,Greek/Latin,Indo-European/Classical,,,0.88
елисей,елисей,1,Greek/Latin,Indo-European/Classical,,,0.88
елисейский,елисейский,1,Greek/Latin,Indo-European/Classical,,,0.88
епархия,епархия,1,Greek/Latin,Indo-European/Classical,,,0.88
аба,аба,1,Arabic/Persian,Afro-Asiatic/Iranian,,,0.88
аббас,аббас,1,Arabic/Persian,Afro-Asiatic/Iranian,,,0.88
абджад,абджад,1,Arabic/Persian,Afro-Asiatic/Iranian,,,0.88
абдрахман,абдрахман,1,Arabic/Persian,Afro-Asiatic/Iranian,,,0.88
авария,авария,1,Arabic/Persian,Afro-Asiatic/Iranian,,,0.88
адмирал,адмирал,1,Arabic/Persian,Afro-Asiatic/Iranian,,,0.88
азан,азан,1,Arabic/Persian,Afro-Asiatic/Iranian,,,0.88
айша,айша,1,Arabic/Persian,Afro-Asiatic/Iranian,,,0.88
аладдин,аладдин,1,Arabic/Persian,Afro-Asiatic/Iranian,,,0.88
али-баба,али-баба,1,Arabic/Persian,Afro-Asiatic/Iranian,,,0.88
алим,алим,1,Arabic/Persian,Afro-Asiatic/Iranian,,,0.88
аллах,аллах,1,Arabic/Persian,Afro-Asiatic/Iranian,,,0.88
аль-каида,аль-каида,1,Arabic/Persian,Afro-Asiatic/Iranian,,,0.88
альбаака,альбаака,1,Arabic/Persian,Afro-Asiatic/Iranian,,,0.88
амаль,амаль,1,Arabic/Persian,Afro-Asiatic/Iranian,,,0.88
аманат,аманат,1,Arabic/Persian,Afro-Asiatic/Iranian,,,0.88
амбал,амбал,1,Arabic/Persian,Afro-Asiatic/Iranian,,,0.88
амбра,амбра,1,Arabic/Persian,Afro-Asiatic/Iranian,,,0.88
арак,арак,1,Arabic/Persian,Afro-Asiatic/Iranian,,,0.88
артишок,артишок,1,Arabic/Persian,Afro-Asiatic/Iranian,,,0.88
асьют,асить,1,Arabic/Persian,Afro-Asiatic/Iranian,,,0.88
аятолла,аятолл,1,Arabic/Persian,Afro-Asiatic/Iranian,,,0.88
бакалея,бакалея,1,Arabic/Persian,Afro-Asiatic/Iranian,,,0.88
бархат,бархат,1,Arabic/Persian,Afro-Asiatic/Iranian,,,0.88
бедуин,бедуин,1,Arabic/Persian,Afro-Asiatic/Iranian,,,0.88
бязь,бязь,1,Arabic/Persian,Afro-Asiatic/Iranian,,,0.88
вакуф,вакуф,1,Arabic/Persian,Afro-Asiatic/Iranian,,,0.88
газель,газель,1,Arabic/Persian,Afro-Asiatic/Iranian,,,0.88
гашиш,гашиш,1,Arabic/Persian,Afro-Asiatic/Iranian,,,0.88
гусль,гусль,1,Arabic/Persian,Afro-Asiatic/Iranian,,,0.88
джизья,джизие,1,Arabic/Persian,Afro-Asiatic/Iranian,,,0.88
джинн,джинн,1,Arabic/Persian,Afro-Asiatic/Iranian,,,0.88
джирид,джирида,1,Arabic/Persian,Afro-Asiatic/Iranian,,,0.88
джихад,джихад,1,Arabic/Persian,Afro-Asiatic/Iranian,,,0.88
джума,джума,1,Arabic/Persian,Afro-Asiatic/Iranian,,,0.88
дирхам,дирхам,1,Arabic/Persian,Afro-Asiatic/Iranian,,,0.88
жираф,жираф,1,Arabic/Persian,Afro-Asiatic/Iranian,,,0.88
жупан,жупан,1,Arabic/Persian,Afro-Asiatic/Iranian,,,0.88
загир,загир,1,Arabic/Persian,Afro-Asiatic/Iranian,,,0.88
закят,закят,1,Arabic/Persian,Afro-Asiatic/Iranian,,,0.88
замиля,замиля,1,Arabic/Persian,Afro-Asiatic/Iranian,,,0.88
захра,захра,1,Arabic/Persian,Afro-Asiatic/Iranian,,,0.88
зипун,зипун,1,Arabic/Persian,Afro-Asiatic/Iranian,,,0.88
зуфар,зуфар,1,Arabic/Persian,Afro-Asiatic/Iranian,,,0.88
ибадит,ибадит,1,Arabic/Persian,Afro-Asiatic/Iranian,,,0.88
ивиса,ивис,1,Arabic/Persian,Afro-Asiatic/Iranian,,,0.88
идлиб,идлиб,1,Arabic/Persian,Afro-Asiatic/Iranian,,,0.88
изафет,изафет,1,Arabic/Persian,Afro-Asiatic/Iranian,,,0.88
имам,имам,1,Arabic/Persian,Afro-Asiatic/Iranian,,,0.88
интифада,интифада,1,Arabic/Persian,Afro-Asiatic/Iranian,,,0.88
иншааллах,иншааллах,1,Arabic/Persian,Afro-Asiatic/Iranian,,,0.88
иншаллах,иншаллах,1,Arabic/Persian,Afro-Asiatic/Iranian,,,0.88
ираде,ираде,1,Arabic/Persian,Afro-Asiatic/Iranian,,,0.88
ислам,ислам,1,Arabic/Persian,Afro-Asiatic/Iranian,,,0.88
ифрит,ифрита,1,Arabic/Persian,Afro-Asiatic/Iranian,,,0.88
ихшидид,ихшидид,1,Arabic/Persian,Afro-Asiatic/Iranian,,,0.88
кайф,кайф,1,Arabic/Persian,Afro-Asiatic/Iranian,,,0.88
калам,калам,1,Arabic/Persian,Afro-Asiatic/Iranian,,,0.88
каланча,каланча,1,Arabic/Persian,Afro-Asiatic/Iranian,,,0.88
калбит,калбитый,1,Arabic/Persian,Afro-Asiatic/Iranian,,,0.88
калита,калита,1,Arabic/Persian,Afro-Asiatic/Iranian,,,0.88
калям,каля,1,Arabic/Persian,Afro-Asiatic/Iranian,,,0.88
камфора,камфора,1,Arabic/Persian,Afro-Asiatic/Iranian,,,0.88
кандалы,кандалы,1,Arabic/Persian,Afro-Asiatic/Iranian,,,0.88
каркаде,каркад,1,Arabic/Persian,Afro-Asiatic/Iranian,,,0.88
кат,кат,1,Arabic/Persian,Afro-Asiatic/Iranian,,,0.88
кебаб,кебаб,1,Arabic/Persian,Afro-Asiatic/Iranian,,,0.88
кибитка,кибитка,1,Arabic/Persian,Afro-Asiatic/Iranian,,,0.88
киноварь,киноварь,1,Arabic/Persian,Afro-Asiatic/Iranian,,,0.88
кисмет,кисмет,1,Arabic/Persian,Afro-Asiatic/Iranian,,,0.88
китаб,китаб,1,Arabic/Persian,Afro-Asiatic/Iranian,,,0.88
коран,коран,1,Arabic/Persian,Afro-Asiatic/Iranian,,,0.88
кумарить,кумаритя,1,Arabic/Persian,Afro-Asiatic/Iranian,,,0.88
кускус,кускус,1,Arabic/Persian,Afro-Asiatic/Iranian,,,0.88
кяфир,кяфира,1,Arabic/Persian,Afro-Asiatic/Iranian,,,0.88
лазурь,лазурь,1,Arabic/Persian,Afro-Asiatic/Iranian,,,0.88
лафа,лафа,1,Arabic/Persian,Afro-Asiatic/Iranian,,,0.88
лахмаджун,лахмаджуна,1,Arabic/Persian,Afro-Asiatic/Iranian,,,0.88
лейла,лейла,1,Arabic/Persian,Afro-Asiatic/Iranian,,,0.88
лиловый,лиловый,1,Arabic/Persian,Afro-Asiatic/Iranian,,,0.88
лимонад,лимонад,1,Arabic/Persian,Afro-Asiatic/Iranian,,,0.88
лиссабон,лиссабон,1,Arabic/Persian,Afro-Asiatic/Iranian,,,0.88
лютня,лютня,1,Arabic/Persian,Afro-Asiatic/Iranian,,,0.88
магарыч,магарыч,1,Arabic/Persian,Afro-Asiatic/Iranian,,,0.88
мазут,мазут,1,Arabic/Persian,Afro-Asiatic/Iranian,,,0.88
майдан,майдан,1,Arabic/Persian,Afro-Asiatic/Iranian,,,0.88
макар,макар,1,Arabic/Persian,Afro-Asiatic/Iranian,,,0.88
мамбет,мамбета,1,Arabic/Persian,Afro-Asiatic/Iranian,,,0.88
мангал,мангал,1,Arabic/Persian,Afro-Asiatic/Iranian,,,0.88
марафет,марафет,1,Arabic/Persian,Afro-Asiatic/Iranian,,,0.88
марджана,марджан,1,Arabic/Persian,Afro-Asiatic/Iranian,,,0.88
мат,мат,1,Arabic/Persian,Afro-Asiatic/Iranian,,,0.88
меджлис,меджлис,1,Arabic/Persian,Afro-Asiatic/Iranian,,,0.88
медресе,медресе,1,Arabic/Persian,Afro-Asiatic/Iranian,,,0.88
мечеть,мечеть,1,Arabic/Persian,Afro-Asiatic/Iranian,,,0.88
минарет,минарет,1,Arabic/Persian,Afro-Asiatic/Iranian,,,0.88
мисюрка,мисюркий,1,Arabic/Persian,Afro-Asiatic/Iranian,,,0.88
моджахед,моджахед,1,Arabic/Persian,Afro-Asiatic/Iranian,,,0.88
моссад,моссад,1,Arabic/Persian,Afro-Asiatic/Iranian,,,0.88
мулла,мулла,1,Arabic/Persian,Afro-Asiatic/Iranian,,,0.88
мумия,мумия,1,Arabic/Persian,Afro-Asiatic/Iranian,,,0.88
муссон,муссон,1,Arabic/Persian,Afro-Asiatic/Iranian,,,0.88
мусульманин,мусульманин,1,Arabic/Persian,Afro-Asiatic/Iranian,,,0.88
муфтий,муфтий,1,Arabic/Persian,Afro-Asiatic/Iranian,,,0.88
мухаммад,мухаммад,1,Arabic/Persian,Afro-Asiatic/Iranian,,,0.88
мухаммед,мухаммед,1,Arabic/Persian,Afro-Asiatic/Iranian,,,0.88
мухояр,мухояр,1,Arabic/Persian,Afro-Asiatic/Iranian,,,0.88
муэдзин,муэдзин,1,Arabic/Persian,Afro-Asiatic/Iranian,,,0.88
набат,набат,1,Arabic/Persian,Afro-Asiatic/Iranian,,,0.88
набоб,набоб,1,Arabic/Persian,Afro-Asiatic/Iranian,,,0.88
натрий,натрий,1,Arabic/Persian,Afro-Asiatic/Iranian,,,0.88
ненюфар,ненюфара,1,Arabic/Persian,Afro-Asiatic/Iranian,,,0.88
никаб,никаб,1,Arabic/Persian,Afro-Asiatic/Iranian,,,0.88
осман,осман,1,Arabic/Persian,Afro-Asiatic/Iranian,,,0.88
оттоман,оттоман,1,Arabic/Persian,Afro-Asiatic/Iranian,,,0.88
райя,райя,1,Arabic/Persian,Afro-Asiatic/Iranian,,,0.88
рамадан,рамадан,1,Arabic/Persian,Afro-Asiatic/Iranian,,,0.88
рамазан,рамазан,1,Arabic/Persian,Afro-Asiatic/Iranian,,,0.88
рахат-лукум,рахат-лукум,1,Arabic/Persian,Afro-Asiatic/Iranian,,,0.88
ребаб,ребаба,1,Arabic/Persian,Afro-Asiatic/Iranian,,,0.88
садык,садык,1,Arabic/Persian,Afro-Asiatic/Iranian,,,0.88
самум,самум,1,Arabic/Persian,Afro-Asiatic/Iranian,,,0.88
сафари,сафари,1,Arabic/Persian,Afro-Asiatic/Iranian,,,0.88
сейфулла,сейфулла,1,Arabic/Persian,Afro-Asiatic/Iranian,,,0.88
сель,сель,1,Arabic/Persian,Afro-Asiatic/Iranian,,,0.88
сироп,сироп,1,Arabic/Persian,Afro-Asiatic/Iranian,,,0.88
софа,софа,1,Arabic/Persian,Afro-Asiatic/Iranian,,,0.88
суахили,суахили,1,Arabic/Persian,Afro-Asiatic/Iranian,,,0.88
султан,султан,1,Arabic/Persian,Afro-Asiatic/Iranian,,,0.88
сундук,сундук,1,Arabic/Persian,Afro-Asiatic/Iranian,,,0.88
сунна,сунна,1,Arabic/Persian,Afro-Asiatic/Iranian,,,0.88
сура,сура,1,Arabic/Persian,Afro-Asiatic/Iranian,,,0.88
суфиян,суфиян,1,Arabic/Persian,Afro-Asiatic/Iranian,,,0.88
табак,табак,1,Arabic/Persian,Afro-Asiatic/Iranian,,,0.88
тагир,тагир,1,Arabic/Persian,Afro-Asiatic/Iranian,,,0.88
такбир,такбир,1,Arabic/Persian,Afro-Asiatic/Iranian,,,0.88
талиб,талиб,1,Arabic/Persian,Afro-Asiatic/Iranian,,,0.88
тамаринд,тамаринд,1,Arabic/Persian,Afro-Asiatic/Iranian,,,0.88
тара,тара,1,Arabic/Persian,Afro-Asiatic/Iranian,,,0.88
тарбуш,тарбуш,1,Arabic/Persian,Afro-Asiatic/Iranian,,,0.88
тасбих,тасбий,1,Arabic/Persian,Afro-Asiatic/Iranian,,,0.88
уд,уд,1,Arabic/Persian,Afro-Asiatic/Iranian,,,0.88
умма,умма,1,Arabic/Persian,Afro-Asiatic/Iranian,,,0.88
умра,умр,1,Arabic/Persian,Afro-Asiatic/Iranian,,,0.88
унаби,унаби,1,Arabic/Persian,Afro-Asiatic/Iranian,,,0.88
фалафель,фалафель,1,Arabic/Persian,Afro-Asiatic/Iranian,,,0.88
фатима,фатима,1,Arabic/Persian,Afro-Asiatic/Iranian,,,0.88
фил,фил,1,Arabic/Persian,Afro-Asiatic/Iranian,,,0.88
фисташка,фисташка,1,Arabic/Persian,Afro-Asiatic/Iranian,,,0.88
фитиль,фитиль,1,Arabic/Persian,Afro-Asiatic/Iranian,,,0.88
фундук,фундук,1,Arabic/Persian,Afro-Asiatic/Iranian,,,0.88
фусха,фусха,1,Arabic/Persian,Afro-Asiatic/Iranian,,,0.88
хадж,хадж,1,Arabic/Persian,Afro-Asiatic/Iranian,,,0.88
хадис,хадис,1,Arabic/Persian,Afro-Asiatic/Iranian,,,0.88
халва,халва,1,Arabic/Persian,Afro-Asiatic/Iranian,,,0.88
халифат,халифат,1,Arabic/Persian,Afro-Asiatic/Iranian,,,0.88
халяль,халяль,1,Arabic/Persian,Afro-Asiatic/Iranian,,,0.88
халяльный,халяльный,1,Arabic/Persian,Afro-Asiatic/Iranian,,,0.88
хамас,хамас,1,Arabic/Persian,Afro-Asiatic/Iranian,,,0.88
хаммам,хаммам,1,Arabic/Persian,Afro-Asiatic/Iranian,,,0.88
ханжа,ханжа,1,Arabic/Persian,Afro-Asiatic/Iranian,,,0.88
харч,харч,1,Arabic/Persian,Afro-Asiatic/Iranian,,,0.88
хезболла,хезболл,1,Arabic/Persian,Afro-Asiatic/Iranian,,,0.88
хиджаб,хиджаб,1,Arabic/Persian,Afro-Asiatic/Iranian,,,0.88
хумус,хумуса,1,Arabic/Persian,Afro-Asiatic/Iranian,,,0.88
цирконий,цирконий,1,Arabic/Persian,Afro-Asiatic/Iranian,,,0.88
шайтан,шайтан,1,Arabic/Persian,Afro-Asiatic/Iranian,,,0.88
шариат,шариат,1,Arabic/Persian,Afro-Asiatic/Iranian,,,0.88
шатрандж,шатрандж,1,Arabic/Persian,Afro-Asiatic/Iranian,,,0.88
шаурма,шаурма,1,Arabic/Persian,Afro-Asiatic/Iranian,,,0.88
шейх,шейх,1,Arabic/Persian,Afro-Asiatic/Iranian,,,0.88
шербет,шербет,1,Arabic/Persian,Afro-Asiatic/Iranian,,,0.88
шиизм,шиизм,1,Arabic/Persian,Afro-Asiatic/Iranian,,,0.88
шиит,шиит,1,Arabic/Persian,Afro-Asiatic/Iranian,,,0.88
шифр,шифр,1,Arabic/Persian,Afro-Asiatic/Iranian,,,0.88
шуба,шуба,1,Arabic/Persian,Afro-Asiatic/Iranian,,,0.88
юбка,юбка,1,Arabic/Persian,Afro-Asiatic/Iranian,,,0.88
ясырь,ясырь,1,Arabic/Persian,Afro-Asiatic/Iranian,,,0.88
абадан,абадан,1,Arabic/Persian,Afro-Asiatic/Iranian,,,0.88
абаз,абаз,1,Arabic/Persian,Afro-Asiatic/Iranian,,,0.88
алмаз,алмаз,1,Arabic/Persian,Afro-Asiatic/Iranian,,,0.88
алыча,алыча,1,Arabic/Persian,Afro-Asiatic/Iranian,,,0.88
бадья,бадья,1,Arabic/Persian,Afro-Asiatic/Iranian,,,0.88
баклажан,баклажан,1,Arabic/Persian,Afro-Asiatic/Iranian,,,0.88
бахаи,бахая,1,Arabic/Persian,Afro-Asiatic/Iranian,,,0.88
бахмат,бахмат,1,Arabic/Persian,Afro-Asiatic/Iranian,,,0.88
бахча,бахча,1,Arabic/Persian,Afro-Asiatic/Iranian,,,0.88
бирюза,бирюза,1,Arabic/Persian,Afro-Asiatic/Iranian,,,0.88
булат,булат,1,Arabic/Persian,Afro-Asiatic/Iranian,,,0.88
бурка,бурка,1,Arabic/Persian,Afro-Asiatic/Iranian,,,0.88
грузин,грузин,1,Arabic/Persian,Afro-Asiatic/Iranian,,,0.88
гуджерат,гуджерат,1,Arabic/Persian,Afro-Asiatic/Iranian,,,0.88
гюрза,гюрза,1,Arabic/Persian,Afro-Asiatic/Iranian,,,0.88
гяур,гяур,1,Arabic/Persian,Afro-Asiatic/Iranian,,,0.88
дербент,дербент,1,Arabic/Persian,Afro-Asiatic/Iranian,,,0.88
дехканин,дехканин,1,Arabic/Persian,Afro-Asiatic/Iranian,,,0.88
джейран,джейран,1,Arabic/Persian,Afro-Asiatic/Iranian,,,0.88
домбра,домбра,1,Arabic/Persian,Afro-Asiatic/Iranian,,,0.88
домра,домра,1,Arabic/Persian,Afro-Asiatic/Iranian,,,0.88
душанбе,душанбе,1,Arabic/Persian,Afro-Asiatic/Iranian,,,0.88
душман,душман,1,Arabic/Persian,Afro-Asiatic/Iranian,,,0.88
елда,елд,1,Arabic/Persian,Afro-Asiatic/Iranian,,,0.88
зарема,зарема,1,Arabic/Persian,Afro-Asiatic/Iranian,,,0.88
зимородок,зимородок,1,Arabic/Persian,Afro-Asiatic/Iranian,,,0.88
зурна,зурна,1,Arabic/Persian,Afro-Asiatic/Iranian,,,0.88
изумруд,изумруд,1,Arabic/Persian,Afro-Asiatic/Iranian,,,0.88
изъян,изъян,1,Arabic/Persian,Afro-Asiatic/Iranian,,,0.88
инжир,инжир,1,Arabic/Persian,Afro-Asiatic/Iranian,,,0.88
иран,иран,1,Arabic/Persian,Afro-Asiatic/Iranian,,,0.88
ишан,ишан,1,Arabic/Persian,Afro-Asiatic/Iranian,,,0.88
казвин,казвино,1,Arabic/Persian,Afro-Asiatic/Iranian,,,0.88
кальян,кальян,1,Arabic/Persian,Afro-Asiatic/Iranian,,,0.88
камка,камка,1,Arabic/Persian,Afro-Asiatic/Iranian,,,0.88
караван,караван,1,Arabic/Persian,Afro-Asiatic/Iranian,,,0.88
караван-сарай,караван-сарай,1,Arabic/Persian,Afro-Asiatic/Iranian,,,0.88
карман,карман,1,Arabic/Persian,Afro-Asiatic/Iranian,,,0.88
кафтан,кафтан,1,Arabic/Persian,Afro-Asiatic/Iranian,,,0.88
кашгар,кашгар,1,Arabic/Persian,Afro-Asiatic/Iranian,,,0.88
киса,киса,1,Arabic/Persian,Afro-Asiatic/Iranian,,,0.88
коленкор,коленкор,1,Arabic/Persian,Afro-Asiatic/Iranian,,,0.88
кум,кум,1,Arabic/Persian,Afro-Asiatic/Iranian,,,0.88
кунжут,кунжут,1,Arabic/Persian,Afro-Asiatic/Iranian,,,0.88
лобия,лобия,1,Arabic/Persian,Afro-Asiatic/Iranian,,,0.88
люлька,люлька,1,Arabic/Persian,Afro-Asiatic/Iranian,,,0.88
маш,маш,1,Arabic/Persian,Afro-Asiatic/Iranian,,,0.88
москвабад,москвабад,1,Arabic/Persian,Afro-Asiatic/Iranian,,,0.88
намаз,намаз,1,Arabic/Persian,Afro-Asiatic/Iranian,,,0.88
нефть,нефть,1,Arabic/Persian,Afro-Asiatic/Iranian,,,0.88
нут,нут,1,Arabic/Persian,Afro-Asiatic/Iranian,,,0.88
обезьяна,обезьяна,1,Arabic/Persian,Afro-Asiatic/Iranian,,,0.88
падишах,падишах,1,Arabic/Persian,Afro-Asiatic/Iranian,,,0.88
палас,палас,1,Arabic/Persian,Afro-Asiatic/Iranian,,,0.88
паранджа,паранджа,1,Arabic/Persian,Afro-Asiatic/Iranian,,,0.88
парча,парча,1,Arabic/Persian,Afro-Asiatic/Iranian,,,0.88
пенька,пенька,1,Arabic/Persian,Afro-Asiatic/Iranian,,,0.88
перкаль,перкаль,1,Arabic/Persian,Afro-Asiatic/Iranian,,,0.88
пиала,пиала,1,Arabic/Persian,Afro-Asiatic/Iranian,,,0.88
плов,плов,1,Arabic/Persian,Afro-Asiatic/Iranian,,,0.88
ревень,ревень,1,Arabic/Persian,Afro-Asiatic/Iranian,,,0.88
саламандра,саламандра,1,Arabic/Persian,Afro-Asiatic/Iranian,,,0.88
самарканд,самарканд,1,Arabic/Persian,Afro-Asiatic/Iranian,,,0.88
самшит,самшит,1,Arabic/Persian,Afro-Asiatic/Iranian,,,0.88
сарафан,сарафан,1,Arabic/Persian,Afro-Asiatic/Iranian,,,0.88
ситар,ситар,1,Arabic/Persian,Afro-Asiatic/Iranian,,,0.88
стакан,стакан,1,Arabic/Persian,Afro-Asiatic/Iranian,,,0.88
-стан,-стан,1,Arabic/Persian,Afro-Asiatic/Iranian,,,0.88
таз,таз,1,Arabic/Persian,Afro-Asiatic/Iranian,,,0.88
тахта,тахта,1,Arabic/Persian,Afro-Asiatic/Iranian,,,0.88
тефтели,тефтели,1,Arabic/Persian,Afro-Asiatic/Iranian,,,0.88
туран,туран,1,Arabic/Persian,Afro-Asiatic/Iranian,,,0.88
турша,турша,1,Arabic/Persian,Afro-Asiatic/Iranian,,,0.88
тут,тут,1,Arabic/Persian,Afro-Asiatic/Iranian,,,0.88
тюльпан,тюльпан,1,Arabic/Persian,Afro-Asiatic/Iranian,,,0.88
тюрбан,тюрбан,1,Arabic/Persian,Afro-Asiatic/Iranian,,,0.88
фарфор,фарфор,1,Arabic/Persian,Afro-Asiatic/Iranian,,,0.88
ферзь,ферзь,1,Arabic/Persian,Afro-Asiatic/Iranian,,,0.88
хирман,хирман,1,Arabic/Persian,Afro-Asiatic/Iranian,,,0.88
чабан,чабан,1,Arabic/Persian,Afro-Asiatic/Iranian,,,0.88
чайхана,чайхана,1,Arabic/Persian,Afro-Asiatic/Iranian,,,0.88
чалтык,чалтык,1,Arabic/Persian,Afro-Asiatic/Iranian,,,0.88
чемодан,чемодан,1,Arabic/Persian,Afro-Asiatic/Iranian,,,0.88
чердак,чердак,1,Arabic/Persian,Afro-Asiatic/Iranian,,,0.88
черкес,черкес,1,Arabic/Persian,Afro-Asiatic/Iranian,,,0.88
чертог,чертог,1,Arabic/Persian,Afro-Asiatic/Iranian,,,0.88
чоха,чоха,1,Arabic/Persian,Afro-Asiatic/Iranian,,,0.88
шакал,шакал,1,Arabic/Persian,Afro-Asiatic/Iranian,,,0.88
шаль,шаль,1,Arabic/Persian,Afro-Asiatic/Iranian,,,0.88
шамбала,шамбал,1,Arabic/Persian,Afro-Asiatic/Iranian,,,0.88
шаровары,шаровары,1,Arabic/Persian,Afro-Asiatic/Iranian,,,0.88
шахла,шахла,1,Arabic/Persian,Afro-Asiatic/Iranian,,,0.88
шахматы,шахматы,1,Arabic/Persian,Afro-Asiatic/Iranian,,,0.88
анкара,анкара,1,Turkic,Turkic,,,0.88
ататюрк,ататюрк,1,Turkic,Turkic,,,0.88
байрактар,байрактар,1,Turkic,Turkic,,,0.88
бакшиш,бакшиш,1,Turkic,Turkic,,,0.88
кабала,кабала,1,Turkic,Turkic,,,0.88
кьопоолу,кьопоол,1,Turkic,Turkic,,,0.88
палач,палач,1,Turkic,Turkic,,,0.88
чанаккале,чанаккале,1,Turkic,Turkic,,,0.88
шалашка,шалашка,1,Turkic,Turkic,,,0.88
эрдоган,эрдоган,1,Turkic,Turkic,,,0.88
арча,арча,1,Turkic,Turkic,,,0.88
арык,арык,1,Turkic,Turkic,,,0.88
барс,барс,1,Turkic,Turkic,,,0.88
барсук,барсук,1,Turkic,Turkic,,,0.88
беркут,беркут,1,Turkic,Turkic,,,0.88
бесик,бесик,1,Turkic,Turkic,,,0.88
бирюк,бирюк,1,Turkic,Turkic,,,0.88
богатырь,богатырь,1,Turkic,Turkic,,,0.88
бугай,бугай,1,Turkic,Turkic,,,0.88
бурый,бурый,1,Turkic,Turkic,,,0.88
буян,буян,1,Turkic,Turkic,,,0.88
ватага,ватага,1,Turkic,Turkic,,,0.88
вьюк,вьюк,1,Turkic,Turkic,,,0.88
джида,джида,1,Turkic,Turkic,,,0.88
ералаш,ералаш,1,Turkic,Turkic,,,0.88
ерик,ерик,1,Turkic,Turkic,,,0.88
ишак,ишак,1,Turkic,Turkic,,,0.88
йогурт,йогурт,1,Turkic,Turkic,,,0.88
кавардак,кавардак,1,Turkic,Turkic,,,0.88
казах,казах,1,Turkic,Turkic,,,0.88
калым,калым,1,Turkic,Turkic,,,0.88
каюк,каюк,1,Turkic,Turkic,,,0.88
кизил,кизил,1,Turkic,Turkic,,,0.88
кирдык,кирдык,1,Turkic,Turkic,,,0.88
кобель,кобель,1,Turkic,Turkic,,,0.88
кобза,кобза,1,Turkic,Turkic,,,0.88
корсак,корсак,1,Turkic,Turkic,,,0.88
кочевать,кочевать,1,Turkic,Turkic,,,0.88
курдюк,курдюк,1,Turkic,Turkic,,,0.88
кыпчак,кыпчак,1,Turkic,Turkic,,,0.88
очаг,очаг,1,Turkic,Turkic,,,0.88
полтина,полтина,1,Turkic,Turkic,,,0.88
руслан,руслан,1,Turkic,Turkic,,,0.88
саранча,саранча,1,Turkic,Turkic,,,0.88
саратов,саратов,1,Turkic,Turkic,,,0.88
сырт,сырт,1,Turkic,Turkic,,,0.88
тенгри,тенгри,1,Turkic,Turkic,,,0.88
товар,товар,1,Turkic,Turkic,,,0.88
товарищ,товарищ,1,Turkic,Turkic,,,0.88
толмач,толмач,1,Turkic,Turkic,,,0.88
тушканчик,тушканчик,1,Turkic,Turkic,,,0.88
тьма,тьма,1,Turkic,Turkic,,,0.88
тюмень,тюмень,1,Turkic,Turkic,,,0.88
тюрьма,тюрьма,1,Turkic,Turkic,,,0.88
утюг,утюг,1,Turkic,Turkic,,,0.88
харалуг,харалуг,1,Turkic,Turkic,,,0.88
чекан,чекан,1,Turkic,Turkic,,,0.88
чуваш,чуваш,1,Turkic,Turkic,,,0.88
чувашия,чувашия,1,Turkic,Turkic,,,0.88
шатёр,шатёр,1,Turkic,Turkic,,,0.88
шеренга,шеренга,1,Turkic,Turkic,,,0.88
юрта,юрта,1,Turkic,Turkic,,,0.88
якшаться,якшаться,1,Turkic,Turkic,,,0.88
аббревиатура,аббревиатура,1,Italian,Indo-European/Romance,,,0.88
автострада,автострада,1,Italian,Indo-European/Romance,,,0.88
амаретто,амаретто,1,Italian,Indo-European/Romance,,,0.88
ареццо,ареццо,1,Italian,Indo-European/Romance,,,0.88
арпеджио,арпеджио,1,Italian,Indo-European/Romance,,,0.88
артель,артель,1,Italian,Indo-European/Romance,,,0.88
балабиль,балабиль,1,Italian,Indo-European/Romance,,,0.88
бариста,барист,1,Italian,Indo-European/Romance,,,0.88
баркас,баркас,1,Italian,Indo-European/Romance,,,0.88
баста,баста,1,Italian,Indo-European/Romance,,,0.88
баул,баул,1,Italian,Indo-European/Romance,,,0.88
башня,башня,1,Italian,Indo-European/Romance,,,0.88
белладонна,белладонна,1,Italian,Indo-European/Romance,,,0.88
берлускони,берлускони,1,Italian,Indo-European/Romance,,,0.88
биеннале,биеннале,1,Italian,Indo-European/Romance,,,0.88
борсетка,борсетка,1,Italian,Indo-European/Romance,,,0.88
браво,браво,1,Italian,Indo-European/Romance,,,0.88
брателло,брателло,1,Italian,Indo-European/Romance,,,0.88
брускетта,брускетта,1,Italian,Indo-European/Romance,,,0.88
брутто,брутто,1,Italian,Indo-European/Romance,,,0.88
бумага,бумага,1,Italian,Indo-European/Romance,,,0.88
бумажный,бумажный,1,Italian,Indo-European/Romance,,,0.88
бутафория,бутафория,1,Italian,Indo-European/Romance,,,0.88
бьеннале,бьеннале,1,Italian,Indo-European/Romance,,,0.88
валюта,валюта,1,Italian,Indo-European/Romance,,,0.88
вена,вена,1,Italian,Indo-European/Romance,,,0.88
венецианский,венецианский,1,Italian,Indo-European/Romance,,,0.88
вермишель,вермишель,1,Italian,Indo-European/Romance,,,0.88
вира,вира,1,Italian,Indo-European/Romance,,,0.88
виртуоз,виртуоз,1,Italian,Indo-European/Romance,,,0.88
вулкан,вулкан,1,Italian,Indo-European/Romance,,,0.88
гвардия,гвардия,1,Italian,Indo-European/Romance,,,0.88
гетто,гетто,1,Italian,Indo-European/Romance,,,0.88
гондола,гондола,1,Italian,Indo-European/Romance,,,0.88
горгондзола,горгондзол,1,Italian,Indo-European/Romance,,,0.88
граппа,грапп,1,Italian,Indo-European/Romance,,,0.88
граффити,граффити,1,Italian,Indo-European/Romance,,,0.88
грациозный,грациозный,1,Italian,Indo-European/Romance,,,0.88
группетто,группетто,1,Italian,Indo-European/Romance,,,0.88
гусар,гусар,1,Italian,Indo-European/Romance,,,0.88
джемма,джемма,1,Italian,Indo-European/Romance,,,0.88
джульетта,джульетта,1,Italian,Indo-European/Romance,,,0.88
дож,дож,1,Italian,Indo-European/Romance,,,0.88
дон,дон,1,Italian,Indo-European/Romance,,,0.88
донна,донна,1,Italian,Indo-European/Romance,,,0.88
дуче,дуче,1,Italian,Indo-European/Romance,,,0.88
дуэт,дуэт,1,Italian,Indo-European/Romance,,,0.88
жига,жига,1,Italian,Indo-European/Romance,,,0.88
зонг-опера,зонг-опера,1,Italian,Indo-European/Romance,,,0.88
инкассатор,инкассатор,1,Italian,Indo-European/Romance,,,0.88
инкогнито,инкогнито,1,Italian,Indo-European/Romance,,,0.88
ирредентизм,ирредентизм,1,Italian,Indo-European/Romance,,,0.88
кавалер,кавалер,1,Italian,Indo-European/Romance,,,0.88
кавалькада,кавалькада,1,Italian,Indo-European/Romance,,,0.88
казанова,казанов,1,Italian,Indo-European/Romance,,,0.88
казарма,казарма,1,Italian,Indo-European/Romance,,,0.88
каземат,каземат,1,Italian,Indo-European/Romance,,,0.88
казино,казино,1,Italian,Indo-European/Romance,,,0.88
камзол,камзол,1,Italian,Indo-European/Romance,,,0.88
кампания,кампания,1,Italian,Indo-European/Romance,,,0.88
канава,канава,1,Italian,Indo-European/Romance,,,0.88
каналья,каналья,1,Italian,Indo-European/Romance,,,0.88
кане-корсо,кан-корсо,1,Italian,Indo-European/Romance,,,0.88
капелла,капелла,1,Italian,Indo-European/Romance,,,0.88
капо,капо,1,Italian,Indo-European/Romance,,,0.88
каприз,каприз,1,Italian,Indo-European/Romance,,,0.88
карета,карета,1,Italian,Indo-European/Romance,,,0.88
картина,картина,1,Italian,Indo-European/Romance,,,0.88
картон,картон,1,Italian,Indo-European/Romance,,,0.88
касса,касса,1,Italian,Indo-European/Romance,,,0.88
катафалк,катафалк,1,Italian,Indo-European/Romance,,,0.88
кларнет,кларнет,1,Italian,Indo-European/Romance,,,0.88
консерватория,консерватория,1,Italian,Indo-European/Romance,,,0.88
контрабанда,контрабанда,1,Italian,Indo-European/Romance,,,0.88
конфета,конфета,1,Italian,Indo-European/Romance,,,0.88
конфетти,конфетти,1,Italian,Indo-European/Romance,,,0.88
концерт,концерт,1,Italian,Indo-European/Romance,,,0.88
корсар,корсар,1,Italian,Indo-European/Romance,,,0.88
кортеж,кортеж,1,Italian,Indo-European/Romance,,,0.88
кортик,кортик,1,Italian,Indo-European/Romance,,,0.88
кредит,кредит,1,Italian,Indo-European/Romance,,,0.88
крещендо,крещендо,1,Italian,Indo-European/Romance,,,0.88
купол,купол,1,Italian,Indo-European/Romance,,,0.88
кьянти,кьянти,1,Italian,Indo-European/Romance,,,0.88
лава,лава,1,Italian,Indo-European/Romance,,,0.88
лагуна,лагуна,1,Italian,Indo-European/Romance,,,0.88
латте,латта,1,Italian,Indo-European/Romance,,,0.88
либретто,либретто,1,Italian,Indo-European/Romance,,,0.88
ливорно,ливорно,1,Italian,Indo-European/Romance,,,0.88
лоджия,лоджия,1,Italian,Indo-European/Romance,,,0.88
ломбард,ломбард,1,Italian,Indo-European/Romance,,,0.88
ломбардия,ломбардия,1,Italian,Indo-European/Romance,,,0.88
луиджи,луиджи,1,Italian,Indo-European/Romance,,,0.88
луна-парк,луна-парк,1,Italian,Indo-European/Romance,,,0.88
ля,ля,1,Italian,Indo-European/Romance,,,0.88
мадонна,мадонна,1,Italian,Indo-European/Romance,,,0.88
макароны,макароны,1,Italian,Indo-European/Romance,,,0.88
макет,макет,1,Italian,Indo-European/Romance,,,0.88
марио,марио,1,Italian,Indo-European/Romance,,,0.88
маркитант,маркитант,1,Italian,Indo-European/Romance,,,0.88
марципан,марципан,1,Italian,Indo-European/Romance,,,0.88
маска,маска,1,Italian,Indo-European/Romance,,,0.88
маскарпоне,маскарпон,1,Italian,Indo-European/Romance,,,0.88
мафиози,мафиози,1,Italian,Indo-European/Romance,,,0.88
мафиозник,мафиозник,1,Italian,Indo-European/Romance,,,0.88
мафия,мафия,1,Italian,Indo-European/Romance,,,0.88
маэстро,маэстро,1,Italian,Indo-European/Romance,,,0.88
медаль,медаль,1,Italian,Indo-European/Romance,,,0.88
ми,ми,1,Italian,Indo-European/Romance,,,0.88
миллион,миллион,1,Italian,Indo-European/Romance,,,0.88
миниатюра,миниатюра,1,Italian,Indo-European/Romance,,,0.88
модель,модель,1,Italian,Indo-European/Romance,,,0.88
модерато,модерато,1,Italian,Indo-European/Romance,,,0.88
модуль,модуль,1,Italian,Indo-European/Romance,,,0.88
мозаика,мозаика,1,Italian,Indo-European/Romance,,,0.88
моцарелла,моцарелла,1,Italian,Indo-European/Romance,,,0.88
мушкет,мушкет,1,Italian,Indo-European/Romance,,,0.88
муштра,муштра,1,Italian,Indo-European/Romance,,,0.88
непотизм,непотизм,1,Italian,Indo-European/Romance,,,0.88
нетто,нетто,1,Italian,Indo-European/Romance,,,0.88
ницца,ницца,1,Italian,Indo-European/Romance,,,0.88
ноль,ноль,1,Italian,Indo-European/Romance,,,0.88
оперетта,оперетта,1,Italian,Indo-European/Romance,,,0.88
остия,остие,1,Italian,Indo-European/Romance,,,0.88
палаццо,палаццо,1,Italian,Indo-European/Romance,,,0.88
панеттоне,панеттоня,1,Italian,Indo-European/Romance,,,0.88
папарацци,папарацци,1,Italian,Indo-European/Romance,,,0.88
парапет,парапет,1,Italian,Indo-European/Romance,,,0.88
парировать,парировать,1,Italian,Indo-European/Romance,,,0.88
партита,партита,1,Italian,Indo-European/Romance,,,0.88
пасквиль,пасквиль,1,Italian,Indo-European/Romance,,,0.88
пастила,пастила,1,Italian,Indo-European/Romance,,,0.88
патина,патина,1,Italian,Indo-European/Romance,,,0.88
паяц,паяц,1,Italian,Indo-European/Romance,,,0.88
педант,педант,1,Italian,Indo-European/Romance,,,0.88
петрарка,петрарка,1,Italian,Indo-European/Romance,,,0.88
пикколо,пикколо,1,Italian,Indo-European/Romance,,,0.88
пиццерия,пиццерия,1,Italian,Indo-European/Romance,,,0.88
пластилин,пластилин,1,Italian,Indo-European/Romance,,,0.88
помада,помада,1,Italian,Indo-European/Romance,,,0.88
помидор,помидор,1,Italian,Indo-European/Romance,,,0.88
почта,почта,1,Italian,Indo-European/Romance,,,0.88
почтальон,почтальон,1,Italian,Indo-European/Romance,,,0.88
престо,престо,1,Italian,Indo-European/Romance,,,0.88
прима,прима,1,Italian,Indo-European/Romance,,,0.88
примадонна,примадонна,1,Italian,Indo-European/Romance,,,0.88
просекко,просекко,1,Italian,Indo-European/Romance,,,0.88
пьедестал,пьедестал,1,Italian,Indo-European/Romance,,,0.88
раса,раса,1,Italian,Indo-European/Romance,,,0.88
редис,редис,1,Italian,Indo-European/Romance,,,0.88
речитатив,речитатив,1,Italian,Indo-European/Romance,,,0.88
рикотта,рикотт,1,Italian,Indo-European/Romance,,,0.88
ромео,ромео,1,Italian,Indo-European/Romance,,,0.88
салат,салат,1,Italian,Indo-European/Romance,,,0.88
салфетка,салфетка,1,Italian,Indo-European/Romance,,,0.88
сальдо,сальдо,1,Italian,Indo-European/Romance,,,0.88
сальто,сальто,1,Italian,Indo-European/Romance,,,0.88
сальто-мортале,сальто-мортале,1,Italian,Indo-European/Romance,,,0.88
салями,салями,1,Italian,Indo-European/Romance,,,0.88
сарделька,сарделька,1,Italian,Indo-European/Romance,,,0.88
синьор,синьор,1,Italian,Indo-European/Romance,,,0.88
сирокко,сирокко,1,Italian,Indo-European/Romance,,,0.88
скоморох,скоморох,1,Italian,Indo-European/Romance,,,0.88
смальта,смальта,1,Italian,Indo-European/Romance,,,0.88
соло,соло,1,Italian,Indo-European/Romance,,,0.88
сольфеджио,сольфеджио,1,Italian,Indo-European/Romance,,,0.88
соната,соната,1,Italian,Indo-European/Romance,,,0.88
сорго,сорго,1,Italian,Indo-European/Romance,,,0.88
софит,софит,1,Italian,Indo-European/Romance,,,0.88
спагетти,спагетти,1,Italian,Indo-European/Romance,,,0.88
спаржа,спаржа,1,Italian,Indo-European/Romance,,,0.88
стек,стек,1,Italian,Indo-European/Romance,,,0.88
студия,студия,1,Italian,Indo-European/Romance,,,0.88
сутана,сутана,1,Italian,Indo-European/Romance,,,0.88
сценарий,сценарий,1,Italian,Indo-European/Romance,,,0.88
табакерка,табакерка,1,Italian,Indo-European/Romance,,,0.88
таль,таль,1,Italian,Indo-European/Romance,,,0.88
тарантино,тарантино,1,Italian,Indo-European/Romance,,,0.88
тольятти,тольятти,1,Italian,Indo-European/Romance,,,0.88
торец,торец,1,Italian,Indo-European/Romance,,,0.88
торт,торт,1,Italian,Indo-European/Romance,,,0.88
трамплин,трамплин,1,Italian,Indo-European/Romance,,,0.88
трафарет,трафарет,1,Italian,Indo-European/Romance,,,0.88
трембита,трембита,1,Italian,Indo-European/Romance,,,0.88
трио,трио,1,Italian,Indo-European/Romance,,,0.88
тромбон,тромбон,1,Italian,Indo-European/Romance,,,0.88
трюфель,трюфель,1,Italian,Indo-European/Romance,,,0.88
фагот,фагот,1,Italian,Indo-European/Romance,,,0.88
фальцет,фальцет,1,Italian,Indo-European/Romance,,,0.88
фашизм,фашизм,1,Italian,Indo-European/Romance,,,0.88
фашист,фашист,1,Italian,Indo-European/Romance,,,0.88
фаянс,фаянс,1,Italian,Indo-European/Romance,,,0.88
фирма,фирма,1,Italian,Indo-European/Romance,,,0.88
фора,фора,1,Italian,Indo-European/Romance,,,0.88
фортепиано,фортепиано,1,Italian,Indo-European/Romance,,,0.88
фортепьяно,фортепьяно,1,Italian,Indo-European/Romance,,,0.88
фрегат,фрегат,1,Italian,Indo-European/Romance,,,0.88
фрикаделька,фрикаделька,1,Italian,Indo-European/Romance,,,0.88
фронтон,фронтон,1,Italian,Indo-European/Romance,,,0.88
фуга,фуга,1,Italian,Indo-European/Romance,,,0.88
фурор,фурор,1,Italian,Indo-European/Romance,,,0.88
цитадель,цитадель,1,Italian,Indo-European/Romance,,,0.88
цоколь,цоколь,1,Italian,Indo-European/Romance,,,0.88
цуккини,цуккиня,1,Italian,Indo-European/Romance,,,0.88
чао,чао,1,Italian,Indo-European/Romance,,,0.88
шкатулка,шкатулка,1,Italian,Indo-European/Romance,,,0.88
шоколад,шоколад,1,Italian,Indo-European/Romance,,,0.88
шпага,шпага,1,Italian,Indo-European/Romance,,,0.88
шпагат,шпагат,1,Italian,Indo-European/Romance,,,0.88
штиблета,штиблета,1,Italian,Indo-European/Romance,,,0.88
штукатурка,штукатурка,1,Italian,Indo-European/Romance,,,0.88
элеонора,элеонора,1,Italian,Indo-European/Romance,,,0.88
эппс,эппс,1,Italian,Indo-European/Romance,,,0.88
эскадра,эскадра,1,Italian,Indo-European/Romance,,,0.88
эскадрон,эскадрон,1,Italian,Indo-European/Romance,,,0.88
аак,аак,1,Dutch,Indo-European/Germanic,,,0.88
аврал,аврал,1,Dutch,Indo-European/Germanic,,,0.88
адмиралтейство,адмиралтейство,1,Dutch,Indo-European/Germanic,,,0.88
апсель,апсель,1,Dutch,Indo-European/Germanic,,,0.88
ахтерпик,ахтерпик,1,Dutch,Indo-European/Germanic,,,0.88
бакен,бакен,1,Dutch,Indo-European/Germanic,,,0.88
балласт,балласт,1,Dutch,Indo-European/Germanic,,,0.88
бизань,бизань,1,Dutch,Indo-European/Germanic,,,0.88
брамсель,брамсель,1,Dutch,Indo-European/Germanic,,,0.88
брандспойт,брандспойт,1,Dutch,Indo-European/Germanic,,,0.88
брезент,брезент,1,Dutch,Indo-European/Germanic,,,0.88
брюки,брюки,1,Dutch,Indo-European/Germanic,,,0.88
буер,буер,1,Dutch,Indo-European/Germanic,,,0.88
буй,буй,1,Dutch,Indo-European/Germanic,,,0.88
буксировать,буксировать,1,Dutch,Indo-European/Germanic,,,0.88
буксовать,буксовать,1,Dutch,Indo-European/Germanic,,,0.88
бур,бур,1,Dutch,Indo-European/Germanic,,,0.88
бургомистр,бургомистр,1,Dutch,Indo-European/Germanic,,,0.88
бушприт,бушприт,1,Dutch,Indo-European/Germanic,,,0.88
ванта,ванта,1,Dutch,Indo-European/Germanic,,,0.88
ватерпас,ватерпас,1,Dutch,Indo-European/Germanic,,,0.88
веер,веер,1,Dutch,Indo-European/Germanic,,,0.88
вест,вест,1,Dutch,Indo-European/Germanic,,,0.88
вест-индия,вест-индия,1,Dutch,Indo-European/Germanic,,,0.88
вилдерс,вилдерс,1,Dutch,Indo-European/Germanic,,,0.88
виндхук,виндхук,1,Dutch,Indo-European/Germanic,,,0.88
гаага,гаага,1,Dutch,Indo-European/Germanic,,,0.88
гак,гак,1,Dutch,Indo-European/Germanic,,,0.88
галанка,галанка,1,Dutch,Indo-European/Germanic,,,0.88
галерея,галерея,1,Dutch,Indo-European/Germanic,,,0.88
галс,галс,1,Dutch,Indo-European/Germanic,,,0.88
гафель,гафель,1,Dutch,Indo-European/Germanic,,,0.88
грот,грот,1,Dutch,Indo-European/Germanic,,,0.88
дамба,дамба,1,Dutch,Indo-European/Germanic,,,0.88
доллар,доллар,1,Dutch,Indo-European/Germanic,,,0.88
домкрат,домкрат,1,Dutch,Indo-European/Germanic,,,0.88
драить,драить,1,Dutch,Indo-European/Germanic,,,0.88
дрейф,дрейф,1,Dutch,Indo-European/Germanic,,,0.88
дренте,дренте,1,Dutch,Indo-European/Germanic,,,0.88
дюйм,дюйм,1,Dutch,Indo-European/Germanic,,,0.88
зонтик,зонтик,1,Dutch,Indo-European/Germanic,,,0.88
зюйд,зюйд,1,Dutch,Indo-European/Germanic,,,0.88
зюйдвестка,зюйдвестка,1,Dutch,Indo-European/Germanic,,,0.88
йозеф,йозеф,1,Dutch,Indo-European/Germanic,,,0.88
какаду,какаду,1,Dutch,Indo-European/Germanic,,,0.88
камергер,камергер,1,Dutch,Indo-European/Germanic,,,0.88
картуз,картуз,1,Dutch,Indo-European/Germanic,,,0.88
квартира,квартира,1,Dutch,Indo-European/Germanic,,,0.88
квитанция,квитанция,1,Dutch,Indo-European/Germanic,,,0.88
киль,киль,1,Dutch,Indo-European/Germanic,,,0.88
кильватер,кильватер,1,Dutch,Indo-European/Germanic,,,0.88
кливер,кливер,1,Dutch,Indo-European/Germanic,,,0.88
клизма,клизма,1,Dutch,Indo-European/Germanic,,,0.88
клинкер,клинкер,1,Dutch,Indo-European/Germanic,,,0.88
клипер,клипер,1,Dutch,Indo-European/Germanic,,,0.88
кникербокер,кникербокер,1,Dutch,Indo-European/Germanic,,,0.88
койка,койка,1,Dutch,Indo-European/Germanic,,,0.88
кок,кок,1,Dutch,Indo-European/Germanic,,,0.88
колдершток,колдершток,1,Dutch,Indo-European/Germanic,,,0.88
конфорка,конфорка,1,Dutch,Indo-European/Germanic,,,0.88
корфбол,корфбол,1,Dutch,Indo-European/Germanic,,,0.88
кран,кран,1,Dutch,Indo-European/Germanic,,,0.88
крейсер,крейсер,1,Dutch,Indo-European/Germanic,,,0.88
кренить,кренить,1,Dutch,Indo-European/Germanic,,,0.88
криль,криль,1,Dutch,Indo-European/Germanic,,,0.88
кубрик,кубрик,1,Dutch,Indo-European/Germanic,,,0.88
лавировать,лавировать,1,Dutch,Indo-European/Germanic,,,0.88
лаг,лаг,1,Dutch,Indo-European/Germanic,,,0.88
лак,лак,1,Dutch,Indo-European/Germanic,,,0.88
леер,леер,1,Dutch,Indo-European/Germanic,,,0.88
линь,линь,1,Dutch,Indo-European/Germanic,,,0.88
лисель,лисель,1,Dutch,Indo-European/Germanic,,,0.88
лиф,лиф,1,Dutch,Indo-European/Germanic,,,0.88
лихтер,лихтер,1,Dutch,Indo-European/Germanic,,,0.88
лотерея,лотерея,1,Dutch,Indo-European/Germanic,,,0.88
лоцман,лоцман,1,Dutch,Indo-European/Germanic,,,0.88
маастрихт,маастрихта,1,Dutch,Indo-European/Germanic,,,0.88
макрель,макрель,1,Dutch,Indo-European/Germanic,,,0.88
манекен,манекен,1,Dutch,Indo-European/Germanic,,,0.88
марс,марс,1,Dutch,Indo-European/Germanic,,,0.88
марсель,марсель,1,Dutch,Indo-European/Germanic,,,0.88
материал,материал,1,Dutch,Indo-European/Germanic,,,0.88
мачта,мачта,1,Dutch,Indo-European/Germanic,,,0.88
мик,мик,1,Dutch,Indo-European/Germanic,,,0.88
мопс,мопс,1,Dutch,Indo-European/Germanic,,,0.88
нактоуз,нактоуз,1,Dutch,Indo-European/Germanic,,,0.88
никербокер,никербокер,1,Dutch,Indo-European/Germanic,,,0.88
норд,норд,1,Dutch,Indo-European/Germanic,,,0.88
ост,ост,1,Dutch,Indo-European/Germanic,,,0.88
пароль,пароль,1,Dutch,Indo-European/Germanic,,,0.88
пассат,пассат,1,Dutch,Indo-European/Germanic,,,0.88
пек,пек,1,Dutch,Indo-European/Germanic,,,0.88
пиджак,пиджак,1,Dutch,Indo-European/Germanic,,,0.88
пингвин,пингвин,1,Dutch,Indo-European/Germanic,,,0.88
питер,питер,1,Dutch,Indo-European/Germanic,,,0.88
плакат,плакат,1,Dutch,Indo-European/Germanic,,,0.88
попугай,попугай,1,Dutch,Indo-European/Germanic,,,0.88
ракета,ракета,1,Dutch,Indo-European/Germanic,,,0.88
рангоут,рангоут,1,Dutch,Indo-European/Germanic,,,0.88
рей,рей,1,Dutch,Indo-European/Germanic,,,0.88
рейд,рейд,1,Dutch,Indo-European/Germanic,,,0.88
рейка,рейка,1,Dutch,Indo-European/Germanic,,,0.88
рубка,рубка,1,Dutch,Indo-European/Germanic,,,0.88
рузвельт,рузвельт,1,Dutch,Indo-European/Germanic,,,0.88
руль,руль,1,Dutch,Indo-European/Germanic,,,0.88
румпель,румпель,1,Dutch,Indo-European/Germanic,,,0.88
рупор,рупор,1,Dutch,Indo-European/Germanic,,,0.88
саго,саго,1,Dutch,Indo-European/Germanic,,,0.88
сельдерей,сельдерей,1,Dutch,Indo-European/Germanic,,,0.88
ситец,ситец,1,Dutch,Indo-European/Germanic,,,0.88
сталь,сталь,1,Dutch,Indo-European/Germanic,,,0.88
стапель,стапель,1,Dutch,Indo-European/Germanic,,,0.88
стеллаж,стеллаж,1,Dutch,Indo-European/Germanic,,,0.88
стопор,стопор,1,Dutch,Indo-European/Germanic,,,0.88
такелаж,такелаж,1,Dutch,Indo-European/Germanic,,,0.88
тик,тик,1,Dutch,Indo-European/Germanic,,,0.88
топ,топ,1,Dutch,Indo-European/Germanic,,,0.88
топсель,топсель,1,Dutch,Indo-European/Germanic,,,0.88
транспорт,транспорт,1,Dutch,Indo-European/Germanic,,,0.88
трап,трап,1,Dutch,Indo-European/Germanic,,,0.88
трензель,трензель,1,Dutch,Indo-European/Germanic,,,0.88
трюм,трюм,1,Dutch,Indo-European/Germanic,,,0.88
устрица,устрица,1,Dutch,Indo-European/Germanic,,,0.88
фарватер,фарватер,1,Dutch,Indo-European/Germanic,,,0.88
флагман,флагман,1,Dutch,Indo-European/Germanic,,,0.88
флагшток,флагшток,1,Dutch,Indo-European/Germanic,,,0.88
фланг,фланг,1,Dutch,Indo-European/Germanic,,,0.88
флот,флот,1,Dutch,Indo-European/Germanic,,,0.88
флюгер,флюгер,1,Dutch,Indo-European/Germanic,,,0.88
форель,форель,1,Dutch,Indo-European/Germanic,,,0.88
форштевень,форштевень,1,Dutch,Indo-European/Germanic,,,0.88
швабра,швабра,1,Dutch,Indo-European/Germanic,,,0.88
шканец,шканец,1,Dutch,Indo-European/Germanic,,,0.88
шкив,шкив,1,Dutch,Indo-European/Germanic,,,0.88
шкот,шкот,1,Dutch,Indo-European/Germanic,,,0.88
шлюз,шлюз,1,Dutch,Indo-European/Germanic,,,0.88
шлюп,шлюп,1,Dutch,Indo-European/Germanic,,,0.88
шпигат,шпигат,1,Dutch,Indo-European/Germanic,,,0.88
штаг,штаг,1,Dutch,Indo-European/Germanic,,,0.88
штопать,штопать,1,Dutch,Indo-European/Germanic,,,0.88
штопор,штопор,1,Dutch,Indo-European/Germanic,,,0.88
шторм,шторм,1,Dutch,Indo-European/Germanic,,,0.88
штурман,штурман,1,Dutch,Indo-European/Germanic,,,0.88
шхуна,шхуна,1,Dutch,Indo-European/Germanic,,,0.88
ювелир,ювелир,1,Dutch,Indo-European/Germanic,,,0.88
юнга,юнга,1,Dutch,Indo-European/Germanic,,,0.88
ют,ют,1,Dutch,Indo-European/Germanic,,,0.88
ты,ты,0,Slavic,Indo-European/Slavic,,,0.04
он,он,0,Slavic,Indo-European/Slavic,,,0.04
мы,мы,0,Slavic,Indo-European/Slavic,,,0.04
они,они,0,Slavic,Indo-European/Slavic,,,0.04
этот,этот,0,Slavic,Indo-European/Slavic,,,0.04
тот,тот,0,Slavic,Indo-European/Slavic,,,0.04
здесь,здесь,0,Slavic,Indo-European/Slavic,,,0.04
там,там,0,Slavic,Indo-European/Slavic,,,0.04
кто,кто,0,Slavic,Indo-European/Slavic,,,0.04
что,что,0,Slavic,Indo-European/Slavic,,,0.04
где,где,0,Slavic,Indo-European/Slavic,,,0.04
когда,когда,0,Slavic,Indo-European/Slavic,,,0.04
как,как,0,Slavic,Indo-European/Slavic,,,0.04
все,всё,0,Slavic,Indo-European/Slavic,,,0.04
много,много,0,Slavic,Indo-European/Slavic,,,0.04
один,один,0,Slavic,Indo-European/Slavic,,,0.04
два,два,0,Slavic,Indo-European/Slavic,,,0.04
маленький,маленький,0,Slavic,Indo-European/Slavic,,,0.04
женщина,женщина,0,Slavic,Indo-European/Slavic,,,0.04
мужчина,мужчина,0,Slavic,Indo-European/Slavic,,,0.04
человек,человек,0,Slavic,Indo-European/Slavic,,,0.04
зверь,зверь,0,Slavic,Indo-European/Slavic,,,0.04
змея,змея,0,Slavic,Indo-European/Slavic,,,0.04
червь,червь,0,Slavic,Indo-European/Slavic,,,0.04
палка,палка,0,Slavic,Indo-European/Slavic,,,0.04
кора,кора,0,Slavic,Indo-European/Slavic,,,0.04
верёвка,верёвка,0,Slavic,Indo-European/Slavic,,,0.04
жир,жир,0,Slavic,Indo-European/Slavic,,,0.04
рог,рог,0,Slavic,Indo-European/Slavic,,,0.04
хвост,хвост,0,Slavic,Indo-European/Slavic,,,0.04
перо,перо,0,Slavic,Indo-European/Slavic,,,0.04
ноготь,ноготь,0,Slavic,Indo-European/Slavic,,,0.04
колено,колено,0,Slavic,Indo-European/Slavic,,,0.04
печень,печень,0,Slavic,Indo-European/Slavic,,,0.04
кусать,кусать,0,Slavic,Indo-European/Slavic,,,0.04
нюхать,нюхать,0,Slavic,Indo-European/Slavic,,,0.04
бояться,бояться,0,Slavic,Indo-European/Slavic,,,0.04
убить,убить,0,Slavic,Indo-European/Slavic,,,0.04
ударить,ударить,0,Slavic,Indo-European/Slavic,,,0.04
резать,резать,0,Slavic,Indo-European/Slavic,,,0.04
петь,петь,0,Slavic,Indo-European/Slavic,,,0.04
жечь,жечь,0,Slavic,Indo-European/Slavic,,,0.04
жёлтый,жёлтый,0,Slavic,Indo-European/Slavic,,,0.04
полный,полный,0,Slavic,Indo-European/Slavic,,,0.04
круглый,круглый,0,Slavic,Indo-European/Slavic,,,0.04
дым,дым,0,Slavic,Indo-European/Slavic,,,0.04
пепел,пепел,0,Slavic,Indo-European/Slavic,,,0.04
лёд,лёд,0,Slavic,Indo-European/Slavic,,,0.04
пыль,пыль,0,Slavic,Indo-European/Slavic,,,0.04
гром,гром,0,Slavic,Indo-European/Slavic,,,0.04
молния,молния,0,Slavic,Indo-European/Slavic,,,0.04
год,год,0,Slavic,Indo-European/Slavic,,,0.04
имя,имя,0,Slavic,Indo-European/Slavic,,,0.04
нет,нет,0,Slavic,Indo-European/Slavic,,,0.04
да,да,0,Slavic,Indo-European/Slavic,,,0.04
или,или,0,Slavic,Indo-European/Slavic,,,0.04
если,если,0,Slavic,Indo-European/Slavic,,,0.04
потому,потому,0,Slavic,Indo-European/Slavic,,,0.04
дверь,дверь,0,Slavic,Indo-European/Slavic,,,0.04
кровать,кровать,0,Slavic,Indo-European/Slavic,,,0.04
пол,пол,0,Slavic,Indo-European/Slavic,,,0.04
потолок,потолок,0,Slavic,Indo-European/Slavic,,,0.04
стена,стена,0,Slavic,Indo-European/Slavic,,,0.04
крыша,крыша,0,Slavic,Indo-European/Slavic,,,0.04
лестница,лестница,0,Slavic,Indo-European/Slavic,,,0.04
нож,нож,0,Slavic,Indo-European/Slavic,,,0.04
ложка,ложка,0,Slavic,Indo-European/Slavic,,,0.04
вилка,вилка,0,Slavic,Indo-European/Slavic,,,0.04
чашка,чашка,0,Slavic,Indo-European/Slavic,,,0.04
тарелка,тарелка,0,Slavic,Indo-European/Slavic,,,0.04
масло,масло,0,Slavic,Indo-European/Slavic,,,0.04
лошадь,лошадь,0,Slavic,Indo-European/Slavic,,,0.04
свинья,свинья,0,Slavic,Indo-European/Slavic,,,0.04
овца,овца,0,Slavic,Indo-European/Slavic,,,0.04
коза,коза,0,Slavic,Indo-European/Slavic,,,0.04
курица,курица,0,Slavic,Indo-European/Slavic,,,0.04
утка,утка,0,Slavic,Indo-European/Slavic,,,0.04
гусь,гусь,0,Slavic,Indo-European/Slavic,,,0.04
ель,ель,0,Slavic,Indo-European/Slavic,,,0.04
осина,осина,0,Slavic,Indo-European/Slavic,,,0.04
мох,мох,0,Slavic,Indo-European/Slavic,,,0.04
болото,болото,0,Slavic,Indo-European/Slavic,,,0.04
дед,дед,0,Slavic,Indo-European/Slavic,,,0.04
баба,баба,0,Slavic,Indo-European/Slavic,,,0.04
господин,господин,0,Slavic,Indo-European/Slavic,,,0.04
серый,серый,0,Slavic,Indo-European/Slavic,,,0.04
везти,везти,0,Slavic,Indo-European/Slavic,,,0.04
закрыть,закрыть,0,Slavic,Indo-European/Slavic,,,0.04
потерять,потерять,0,Slavic,Indo-European/Slavic,,,0.04
горячий,горячий,0,Slavic,Indo-European/Slavic,,,0.04
солёный,солёный,0,Slavic,Indo-European/Slavic,,,0.04
первый,первый,0,Slavic,Indo-European/Slavic,,,0.04
последний,последний,0,Slavic,Indo-European/Slavic,,,0.04
правый,правый,0,Slavic,Indo-European/Slavic,,,0.04
левый,левый,0,Slavic,Indo-European/Slavic,,,0.04
прямой,прямой,0,Slavic,Indo-European/Slavic,,,0.04
